id,name,description,price,category,store_id,stock_status,stock_count,rating,created_at,updated_at,food_tags,taste_tags,cooking_method_tags,culture_tags
68f45577dd01f7b3d32648b5,Chả Cá Lã Vọng,"Đặc sản Hà Nội với cá lăng ướp nghệ, riềng, nướng trên than và ăn kèm bún, mắm tôm.",75000,Món phụ,68f30cbea2bca94aa9fd19c7,available,-1,4.9,2025-10-19 03:05:27,2025-11-26 15:17:35,"['68ed207286da2ddcd588cc8f', '68ed207986da2ddcd588cd50', '68ed207986da2ddcd588cd4d', '68ed207486da2ddcd588cccb', '68ed207b86da2ddcd588cd89']","['68f449488dc8e5122e48a4a0', '68f449498dc8e5122e48a4bb']","['68ed20e61c787e2365e46eb3', '68ed20e51c787e2365e46e9e']",['68ed20115913598c41da0dee']
68f45577dd01f7b3d32648b6,Bún Chả Hà Nội,"Bún tươi ăn cùng chả viên và chả miếng nướng than hoa, trong bát nước chấm chua ngọt.",60000,Món chính,68f30cbea2bca94aa9fd19c7,available,10,4.1,2025-10-19 03:05:27,2025-11-26 15:18:38,"['68ed207386da2ddcd588ccad', '68ed207286da2ddcd588cc8c', '68ed207a86da2ddcd588cd62', '68ed207786da2ddcd588cd10']","['68f449478dc8e5122e48a479', '68f449478dc8e5122e48a48b', '68f449488dc8e5122e48a4a0']","['68ed20e61c787e2365e46eb9', '68ed20e51c787e2365e46e9e']",['68ed20115913598c41da0dee']
68f45577dd01f7b3d32648bb,Ramen Tonkotsu,"Ramen nước hầm xương heo béo ngậy, topping thịt xá xíu, trứng lòng đào và măng.",85000,Độc Lạ Thơm Ngon,68f30cbfa2bca94aa9fd19c8,available,10,4.0,2025-10-19 03:05:27,2025-11-26 15:29:35,"['68ed207286da2ddcd588cc8c', '68ed207386da2ddcd588ccad', '68ed207286da2ddcd588cc9e', '68ed207586da2ddcd588cce9']","['68f449488dc8e5122e48a4a0', '68f449498dc8e5122e48a4b2', '68f449488dc8e5122e48a497']","['68ed20e61c787e2365e46ec5', '68ed20e51c787e2365e46ea1']",['68ed20115913598c41da0df7']
68f45577dd01f7b3d32648bf,Butter Chicken Curry,"Cà ri gà Ấn Độ nấu với sốt cà chua, bơ và kem, ăn cùng cơm Basmati.",80000,Cơm,68f30cbfa2bca94aa9fd19c8,available,-1,4.7,2025-10-19 03:05:27,2025-11-26 15:24:59,"['68ed207286da2ddcd588cc86', '68ed207786da2ddcd588cd0d', '68ed207786da2ddcd588cd1d', '68ed207486da2ddcd588ccc8', '68ed207a86da2ddcd588cd5c', '68ed207386da2ddcd588ccaa']","['68f449498dc8e5122e48a4b2', '68f449488dc8e5122e48a4a0', '68f449498dc8e5122e48a4be', '68f449468dc8e5122e48a464']","['68ed20e61c787e2365e46ec2', '68ed20e51c787e2365e46ea4']",['68ed20125913598c41da0dfd']
68f45577dd01f7b3d32648c2,Bibimbap Bowl,"Cơm trộn Hàn Quốc với thịt bò xào, các loại rau và trứng ốp la, ăn cùng sốt ớt.",75000,Cơm,68f30cbfa2bca94aa9fd19c8,available,10,3.6,2025-10-19 03:05:27,2025-11-26 15:24:17,"['68ed207386da2ddcd588ccaa', '68ed207286da2ddcd588cc89', '68ed207286da2ddcd588cc9e', '68ed207586da2ddcd588ccda', '68ed207486da2ddcd588ccd1', '68ed207a86da2ddcd588cd6b']","['68f449468dc8e5122e48a464', '68f449488dc8e5122e48a4a0']","['68ed20e51c787e2365e46eb0', '68ed20e51c787e2365e46ea1']",['68ed20125913598c41da0dfa']
68f45577dd01f7b3d32648b8,Canh Chua Cá Lóc,"Món canh dân dã miền Nam với vị chua thanh của me, ngọt của dứa và thịt cá lóc tươi.",70000,Món chính,68f30cbea2bca94aa9fd19c7,available,6,4.9,2025-10-19 03:05:27,2025-11-26 15:19:28,"['68ed207286da2ddcd588cc8f', '68ed207486da2ddcd588ccc8', '68ed207686da2ddcd588ccfe', '68ed207986da2ddcd588cd41']","['68f449478dc8e5122e48a48b', '68f449478dc8e5122e48a479', '68f449468dc8e5122e48a464']",['68ed20e51c787e2365e46ea4'],['68ed20115913598c41da0dee']
68f45577dd01f7b3d32648b9,Nem Nướng Nha Trang,"Nem nướng thơm lừng cuộn cùng bánh tráng, rau sống và chấm với sốt tương đặc biệt.",65000,Món chính,68f30cbea2bca94aa9fd19c7,available,7,3.8,2025-10-19 03:05:27,2025-11-26 15:15:01,"['68ed207286da2ddcd588cc8c', '68ed207b86da2ddcd588cd7a']","['68f449478dc8e5122e48a479', '68f449488dc8e5122e48a4a0']",['68ed20e61c787e2365e46eb9'],['68ed20115913598c41da0dee']
68f45577dd01f7b3d32648ba,Chè Đậu Đỏ,"Món tráng miệng ngọt ngào với đậu đỏ hầm mềm, nước cốt dừa béo ngậy.",25000,Món phụ,68f30cbea2bca94aa9fd19c7,available,-1,4.7,2025-10-19 03:05:27,2025-11-26 15:17:08,"['68ed207386da2ddcd588cca7', '68ed207b86da2ddcd588cd7d', '68ed207786da2ddcd588cd20']","['68f449478dc8e5122e48a47c', '68f449498dc8e5122e48a4af']","['68ed20e61c787e2365e46ec5', '68ed20e51c787e2365e46ea4']",['68ed20115913598c41da0dee']
68f45577dd01f7b3d32648c3,Mapo Tofu,"Đậu hũ non sốt cay Tứ Xuyên với thịt heo bằm, đậu tương lên men và tiêu.",60000,Độc Lạ Thơm Ngon,68f30cbfa2bca94aa9fd19c8,available,-1,4.0,2025-10-19 03:05:27,2025-11-26 15:28:27,"['68ed207286da2ddcd588cc98', '68ed207286da2ddcd588cc8c', '68ed207986da2ddcd588cd41', '68ed207a86da2ddcd588cd68']","['68f449468dc8e5122e48a46a', '68f449488dc8e5122e48a4a0', '68f449498dc8e5122e48a4af', '68f449488dc8e5122e48a4a3']","['68ed20e61c787e2365e46ec2', '68ed20e51c787e2365e46ea4']",['68ed20115913598c41da0df4']
68f45577dd01f7b3d32648b3,Gỏi Cuốn Tôm,"Gỏi cuốn thanh mát với tôm, thịt luộc, bún và rau sống, chấm cùng tương đậu phộng.",45000,Món phụ,68f30cbea2bca94aa9fd19c7,available,-1,3.7,2025-10-19 03:05:27,2025-11-26 15:17:58,"['68ed207286da2ddcd588cc92', '68ed207286da2ddcd588cc8c', '68ed207586da2ddcd588ccd7', '68ed207b86da2ddcd588cd7a']","['68f449498dc8e5122e48a4ac', '68f449468dc8e5122e48a461']","['68ed20e51c787e2365e46e9b', '68ed20e51c787e2365e46ea1']",['68ed20115913598c41da0dee']
68f45577dd01f7b3d32648bc,Pad Thai Fusion,"Pad Thái xào với đậu hũ, giá, hẹ và sốt me chua ngọt, rắc đậu phộng rang.",70000,Độc Lạ Thơm Ngon,68f30cbfa2bca94aa9fd19c8,available,-1,4.7,2025-10-19 03:05:27,2025-11-26 15:28:59,"['68ed207286da2ddcd588cc98', '68ed207386da2ddcd588ccad', '68ed207b86da2ddcd588cd89', '68ed207686da2ddcd588cd07']","['68f449478dc8e5122e48a48b', '68f449478dc8e5122e48a479', '68f449488dc8e5122e48a4a0']",['68ed20e51c787e2365e46eb0'],['68ed20115913598c41da0df1']
68f45577dd01f7b3d32648be,Kung Pao Chicken,"Gà xào cay Tứ Xuyên với ớt khô, đậu phộng và sốt chua ngọt đặc trưng.",75000,Cơm,68f30cbfa2bca94aa9fd19c8,available,-1,3.8,2025-10-19 03:05:27,2025-11-26 15:26:42,"['68ed207286da2ddcd588cc86', '68ed207986da2ddcd588cd41', '68ed207b86da2ddcd588cd89']","['68f449468dc8e5122e48a467', '68f449478dc8e5122e48a479', '68f449478dc8e5122e48a48b']",['68ed20e51c787e2365e46eb0'],['68ed20115913598c41da0df4']
68f45577dd01f7b3d32648c0,Sushi Salmon Roll,"Cơm cuộn rong biển với cá hồi tươi, bơ và dưa leo.",90000,Độc Lạ Thơm Ngon,68f30cbfa2bca94aa9fd19c8,available,-1,3.7,2025-10-19 03:05:27,2025-11-26 15:30:06,"['68ed207286da2ddcd588cc8f', '68ed207386da2ddcd588ccaa', '68ed207786da2ddcd588cd0d']","['68f449498dc8e5122e48a4ac', '68f449498dc8e5122e48a4af']",['68ed20e51c787e2365e46e9b'],['68ed20115913598c41da0df7']
68f45577dd01f7b3d32648c4,Mango Sticky Rice,Xôi nếp dẻo ăn cùng xoài chín ngọt và nước cốt dừa béo ngậy.,40000,Xôi,68f30cbfa2bca94aa9fd19c8,available,-1,3.8,2025-10-19 03:05:27,2025-11-26 15:27:27,"['68ed207686da2ddcd588ccfb', '68ed207386da2ddcd588ccaa', '68ed207786da2ddcd588cd20', '68ed207b86da2ddcd588cd7d']","['68f449478dc8e5122e48a47c', '68f449498dc8e5122e48a4b2']",['68ed20e51c787e2365e46ea7'],['68ed20115913598c41da0df1']
68f45577dd01f7b3d32648b1,Phở Bò,"Phở bò truyền thống với nước dùng đậm đà, bánh phở mềm và thịt bò thái mỏng.",65000,Món chính,68f30cbea2bca94aa9fd19c7,available,-1,4.9,2025-10-19 03:05:27,2025-11-26 15:20:31,"['68ed207286da2ddcd588cc89', '68ed207386da2ddcd588ccad', '68ed207486da2ddcd588cccb', '68ed207986da2ddcd588cd4d', '68ed207986da2ddcd588cd59', '68ed207986da2ddcd588cd56', '68ed207986da2ddcd588cd47']","['68f449488dc8e5122e48a4a0', '68f449488dc8e5122e48a497', '68f449498dc8e5122e48a4be']","['68ed20e61c787e2365e46ec5', '68ed20e51c787e2365e46ea1']",['68ed20115913598c41da0dee']
68f45577dd01f7b3d32648b2,Bánh Mì Thịt Nướng,"Bánh mì giòn rụm kẹp thịt heo nướng thơm lừng, cùng đồ chua và rau thơm.",35000,Bánh mì,68f30cbea2bca94aa9fd19c7,available,-1,3.9,2025-10-19 03:05:27,2025-11-26 15:14:14,"['68ed207386da2ddcd588ccb0', '68ed207286da2ddcd588cc8c', '68ed207486da2ddcd588ccd1', '68ed207986da2ddcd588cd47', '68ed207a86da2ddcd588cd62']","['68f449478dc8e5122e48a479', '68f449488dc8e5122e48a4a0']","['68ed20e61c787e2365e46eb9', '68ed20e51c787e2365e46e9e']",['68ed20115913598c41da0dee']
68f45577dd01f7b3d32648b4,Cơm Tấm Sườn Nướng,"Dĩa cơm tấm nóng hổi với sườn cốt lết nướng mật ong, bì, chả và nước mắm chua ngọt.",55000,Món chính,68f30cbea2bca94aa9fd19c7,available,-1,3.7,2025-10-19 03:05:27,2025-11-26 15:20:00,"['68ed207386da2ddcd588ccaa', '68ed207286da2ddcd588cc8c', '68ed207286da2ddcd588cc9e', '68ed207a86da2ddcd588cd62']","['68f449478dc8e5122e48a479', '68f449488dc8e5122e48a4a0']",['68ed20e61c787e2365e46eb9'],['68ed20115913598c41da0dee']
68f45577dd01f7b3d32648b7,Bánh Xèo Miền Tây,"Bánh xèo vỏ giòn rụm, nhân tôm, thịt, giá đỗ, ăn kèm rau sống và nước mắm chua ngọt.",50000,Món phụ,68f30cbea2bca94aa9fd19c7,available,0,3.7,2025-10-19 03:05:27,2025-11-26 15:16:44,"['68ed207486da2ddcd588ccc5', '68ed207286da2ddcd588cc92', '68ed207286da2ddcd588cc8c', '68ed207786da2ddcd588cd20']","['68f449498dc8e5122e48a4af', '68f449488dc8e5122e48a4a0']",['68ed20e61c787e2365e46eb6'],['68ed20115913598c41da0dee']
68f45577dd01f7b3d32648bd,Korean BBQ Bulgogi,"Thịt bò thái mỏng ướp sốt tương ngọt, nướng trên vỉ nóng ăn kèm kim chi và cơm.",95000,BBQ,68f30cbfa2bca94aa9fd19c8,available,10,3.9,2025-10-19 03:05:27,2025-11-26 15:26:11,"['68ed207286da2ddcd588cc89', '68ed207a86da2ddcd588cd5f', '68ed207b86da2ddcd588cd7d', '68ed207486da2ddcd588cccb', '68ed207386da2ddcd588ccaa']","['68f449478dc8e5122e48a47c', '68f449488dc8e5122e48a4a0']","['68ed20e61c787e2365e46eb9', '68ed20e51c787e2365e46e9e']",['68ed20125913598c41da0dfa']
68f45577dd01f7b3d32648c1,Tom Yum Goong,"Canh chua cay Thái Lan với tôm, nấm, sả, lá chanh và riềng.",65000,Món Nước,68f30cbfa2bca94aa9fd19c8,available,-1,3.6,2025-10-19 03:05:27,2025-11-26 15:30:31,"['68ed207286da2ddcd588cc92', '68ed207986da2ddcd588cd53', '68ed207586da2ddcd588cce9', '68ed207686da2ddcd588cd07', '68ed207986da2ddcd588cd41']","['68f449468dc8e5122e48a467', '68f449478dc8e5122e48a48b', '68f449498dc8e5122e48a4bb']",['68ed20e51c787e2365e46ea4'],['68ed20115913598c41da0df1']
68f4acca96ba671c88e58f80,Bánh Mì Thịt Nguội,"Bánh mì giòn, thịt thơm ngon",30000,Bánh mì,68f30cbea2bca94aa9fd19c7,available,-1,4.4,2025-10-19 09:18:02,2025-11-26 15:16:06,['68ed207386da2ddcd588ccb0'],[],['68ed20e61c787e2365e46eb9'],['68ed20115913598c41da0dee']
68f4ad4596ba671c88e58fe8,Pizza chay,"Pizza chay với hành tây, ô liu và cà chua",120000,SIÊU TOPPINGS,68ce8fd7d89d33e016701b94,available,-1,4.2,2025-10-19 09:20:05,2025-11-26 13:41:45,['68ed207486da2ddcd588ccc8'],['68f449488dc8e5122e48a4a6'],['68ed20e61c787e2365e46eb9'],['68ed20125913598c41da0e0f']
690320506035dc21d945e7a5,Coca Cola,Nước ngọt có ga,12000,Nước,68ce8fd7d89d33e016701b94,available,-1,4.8,2025-10-30 08:22:40,2025-10-30 08:22:40,[],[],[],[]
6908ab0ad30cc326ef17b66d,Phở,"Ngon, đậm mùi bò",15000,Phở,6908a87ad30cc326ef17b542,available,-1,4.6,2025-11-03 13:15:54,2025-11-03 13:15:54,['68ed207286da2ddcd588cc89'],['68f449488dc8e5122e48a4a0'],"['68ed20e51c787e2365e46ea4', '68ed20e51c787e2365e46ea7']",['68ed20115913598c41da0dee']
69187bb1400408b53712c255,Phở tái lăn,Phở bò chuẩn vị,39999,Phở,6908a87ad30cc326ef17b542,available,-1,3.7,2025-11-15 13:10:09,2025-11-15 13:10:09,[],[],"['68ed20e51c787e2365e46eaa', '68ed20e51c787e2365e46ea7', '68ed20e51c787e2365e46ead']",[]
691b2ca53352e0c43792069f,1 Miếng Gà Rán,1 Miếng Gà Giòn Cay/Gà Truyền Thống/Gà Giòn Không Cay + 1 Gói tương (cà/ ớt),35000,Gà ,691b2a643352e0c4379205df,available,-1,4.7,2025-11-17 14:09:41,2025-11-17 14:09:41,"['68ed207286da2ddcd588cc86', '68ed207886da2ddcd588cd3b', '68ed207886da2ddcd588cd3e', '68ed207a86da2ddcd588cd6e', '68ed207a86da2ddcd588cd6b']","['68f449468dc8e5122e48a461', '68f449468dc8e5122e48a464', '68f449468dc8e5122e48a467', '68f449478dc8e5122e48a479', '68f449478dc8e5122e48a47c', '68f449478dc8e5122e48a488', '68f449488dc8e5122e48a497']","['68ed20e61c787e2365e46eb3', '68ed20e61c787e2365e46eb6']",['68ed20125913598c41da0e0c']
691b2cd93352e0c4379206d9,2 Miếng Gà Rán,2 Miếng Gà Giòn Cay/Gà Truyền Thống/Gà Giòn Không Cay + 2 Gói tương (cà/ ớt),70000,Gà ,691b2a643352e0c4379205df,available,-1,4.2,2025-11-17 14:10:33,2025-11-17 14:12:29,['68ed207286da2ddcd588cc86'],"['68f449468dc8e5122e48a461', '68f449468dc8e5122e48a464', '68f449468dc8e5122e48a467', '68f449478dc8e5122e48a479', '68f449478dc8e5122e48a488', '68f449488dc8e5122e48a497']",['68ed20e61c787e2365e46eb6'],['68ed20125913598c41da0e0c']
691b2d0e3352e0c437920713,3 Gà Miếng Nuggets,3 Gà Miếng Nuggets + 1 Gói tương (cà/ ớt),26000,Gà ,691b2a643352e0c4379205df,available,-1,5.0,2025-11-17 14:11:26,2025-11-17 14:12:38,['68ed207286da2ddcd588cc86'],"['68f449468dc8e5122e48a464', '68f449468dc8e5122e48a461']",['68ed20e61c787e2365e46eb6'],['68ed20125913598c41da0e0c']
691b2d383352e0c43792074c,Gà Viên,Gà Viên (Lớn) + 2 Gói tương (cà/ ớt),63999,Gà ,691b2a643352e0c4379205df,available,-1,4.3,2025-11-17 14:12:08,2025-11-17 14:12:45,['68ed207286da2ddcd588cc86'],"['68f449468dc8e5122e48a461', '68f449468dc8e5122e48a464']",['68ed20e61c787e2365e46eb6'],['68ed20125913598c41da0e0c']
691b2d883352e0c437920893,1 Miếng Phi-lê Gà Quay,"Hãy để vị giác của bạn bừng tỉnh với miếng Phi-lê Gà Quay Flava trứ danh, hoặc nếu bạn yêu thích chút kích thích, hãy chọn Phi-lê Gà Quay Tiêu nồng ấm. Từng thớ thịt gà được tuyển chọn kỹ lưỡng, thấm đẫm gia vị độc quyền, sau đó được quay vàng óng ả đến độ hoàn hảo. Khi xé nhẹ, lớp da giòn rụm sẽ khẽ vỡ tan, để lộ phần thịt bên trong mềm mọng, ngọt lành và ứa nước. Hương thơm lừng cuốn hút từ lò quay sẽ đánh thức mọi giác quan, hứa hẹn một bữa ăn đậm đà, khó quên, khiến bạn muốn thưởng thức mãi không thôi.",50001,Gà ,691b2a643352e0c4379205df,available,-1,3.7,2025-11-17 14:13:28,2025-11-22 09:41:14,"['68ed207286da2ddcd588cc86', '68ed207886da2ddcd588cd3e', '68ed207886da2ddcd588cd3b', '68ed207986da2ddcd588cd41']","['68f449468dc8e5122e48a464', '68f449488dc8e5122e48a497']",['68ed20e61c787e2365e46ebc'],['68ed20125913598c41da0e0c']
691b2e5c3352e0c4379208dd,Burger Tôm,Burger Tôm chiên,44000,Burger - Cơm - Mì Ý,691b2a643352e0c4379205df,available,-1,4.2,2025-11-17 14:17:00,2025-11-17 14:17:00,"['68ed207286da2ddcd588cc92', '68ed207886da2ddcd588cd3e', '68ed207986da2ddcd588cd41', '68ed207386da2ddcd588ccb0']","['68f449468dc8e5122e48a464', '68f449468dc8e5122e48a461']",['68ed20e61c787e2365e46eb6'],['68ed20125913598c41da0e0c']
691b2f1b3352e0c437920938,Burger Zinger,Burger Gà chiên giòn,54000,Burger - Cơm - Mì Ý,691b2a643352e0c4379205df,available,-1,3.8,2025-11-17 14:20:11,2025-11-17 14:21:11,"['68ed207286da2ddcd588cc86', '68ed207386da2ddcd588ccb0']","['68f449468dc8e5122e48a461', '68f449468dc8e5122e48a464', '68f449468dc8e5122e48a467']",['68ed20e61c787e2365e46eb6'],['68ed20125913598c41da0e0c']
691b2f4d3352e0c437920971,Cơm Gà Rán,1 Cơm Gà Rán + 1 Gói tương (cà/ ớt),49000,Burger - Cơm - Mì Ý,691b2a643352e0c4379205df,available,-1,4.1,2025-11-17 14:21:01,2025-11-17 14:21:01,"['68ed207386da2ddcd588ccaa', '68ed207286da2ddcd588cc86']","['68f449468dc8e5122e48a464', '68f449468dc8e5122e48a467', '68f449468dc8e5122e48a461']",['68ed20e61c787e2365e46eb6'],['68ed20125913598c41da0e0c']
691b2f8a3352e0c4379209f7,Cơm,Cơm trắng,12000,Burger - Cơm - Mì Ý,691b2a643352e0c4379205df,available,-1,4.5,2025-11-17 14:22:02,2025-11-17 14:22:02,['68ed207386da2ddcd588ccaa'],"['68f449468dc8e5122e48a461', '68f449468dc8e5122e48a470', '68f449478dc8e5122e48a47f']",['68ed20e51c787e2365e46ea4'],['68ed20115913598c41da0dee']
691b2fb63352e0c437920a2b,Mì Ý Gà Rán,1 Mì Ý Gà Rán + + 1 Gói tương (cà/ ớt),64000,Burger - Cơm - Mì Ý,691b2a643352e0c4379205df,available,-1,4.2,2025-11-17 14:22:46,2025-11-17 14:22:46,"['68ed207286da2ddcd588cc86', '68ed207386da2ddcd588ccad']","['68f449468dc8e5122e48a464', '68f449468dc8e5122e48a461']",['68ed20e61c787e2365e46eb6'],"['68ed20125913598c41da0e0f', '68ed20125913598c41da0e0c']"
691b30243352e0c437920a61,3 Cá Thanh,3 Cá Thanh (cá basa),40000,Thức Ăn Nhẹ,691b2a643352e0c4379205df,available,-1,4.2,2025-11-17 14:24:36,2025-11-17 14:24:36,['68ed207286da2ddcd588cc8f'],"['68f449468dc8e5122e48a464', '68f449468dc8e5122e48a461']",['68ed20e61c787e2365e46eb6'],['68ed20125913598c41da0e0c']
691b306f3352e0c437920a9a,4 Phô Mai Viên,4 Phô Mai Viên béo ngậy,36000,Thức Ăn Nhẹ,691b2a643352e0c4379205df,available,-1,4.1,2025-11-17 14:25:51,2025-11-17 14:25:51,"['68ed207786da2ddcd588cd16', '68ed207786da2ddcd588cd13']","['68f449468dc8e5122e48a461', '68f449468dc8e5122e48a464']",['68ed20e61c787e2365e46eb6'],['68ed20125913598c41da0e0c']
691b30eb3352e0c437920ad4,Bắp cải trộn,Bắp cải trộn với cà rốt,22000,Thức Ăn Nhẹ,691b2a643352e0c4379205df,available,-1,4.2,2025-11-17 14:27:55,2025-11-17 14:27:55,"['68ed207486da2ddcd588cccb', '68ed207486da2ddcd588ccbc', '68ed207486da2ddcd588ccbf', '68ed207a86da2ddcd588cd71', '68ed207586da2ddcd588cce3', '68ed207486da2ddcd588ccd4', '68ed207486da2ddcd588ccd1']","['68f449468dc8e5122e48a461', '68f449478dc8e5122e48a476', '68f449478dc8e5122e48a488', '68f449498dc8e5122e48a4af']",['68ed20e51c787e2365e46ea1'],['68ed20125913598c41da0e0c']
691b31223352e0c437920b09,Khoai tây chiên,Cổ điển nhưng vô cùng ngon,29000,Thức Ăn Nhẹ,691b2a643352e0c4379205df,available,-1,4.6,2025-11-17 14:28:50,2025-11-17 14:28:50,['68ed207486da2ddcd588ccbf'],"['68f449468dc8e5122e48a464', '68f449468dc8e5122e48a461']",['68ed20e61c787e2365e46eb6'],['68ed20125913598c41da0e0c']
691b33fb3352e0c437920ba3,Súp Rong Biển,Súp Rong Biển,18999,Thức Ăn Nhẹ,691b2a643352e0c4379205df,available,-1,3.6,2025-11-17 14:40:59,2025-11-17 14:40:59,['68ed207286da2ddcd588cc86'],['68f449468dc8e5122e48a461'],"['68ed20e51c787e2365e46ea4', '68ed20e51c787e2365e46eaa']",['68ed20125913598c41da0dfa']
691b34833352e0c437920bda,Khoai Môn Kim Sa,2 Viên khoai môn,25999,Thức Uống & Tráng Miệng,691b2a643352e0c4379205df,available,-1,4.2,2025-11-17 14:43:15,2025-11-17 14:43:15,[],['68f449478dc8e5122e48a479'],['68ed20e61c787e2365e46eb3'],[]
691b34c03352e0c437920c0d,Bánh trứng,"Bánh giòn, trứng mềm",18000,Thức Uống & Tráng Miệng,691b2a643352e0c4379205df,available,-1,4.6,2025-11-17 14:44:16,2025-11-17 14:44:16,[],"['68f449478dc8e5122e48a476', '68f449478dc8e5122e48a482']",['68ed20e61c787e2365e46eb9'],['68ed20125913598c41da0e0c']
691b34fa3352e0c437920c45,7 UP,Nước ngọt đóng lon,19000,Thức Uống & Tráng Miệng,691b2a643352e0c4379205df,available,-1,4.1,2025-11-17 14:45:14,2025-11-17 14:45:14,[],['68f449478dc8e5122e48a47c'],[],[]
691b35253352e0c437920c76,Pepsi,Nước ngọt đóng lon,19000,Thức Uống & Tráng Miệng,691b2a643352e0c4379205df,available,-1,4.8,2025-11-17 14:45:57,2025-11-17 14:45:57,[],['68f449478dc8e5122e48a47c'],[],[]
691b35473352e0c437920ca8,Pepsi Zero (Tiêu Chuẩn),Nước ngọt có ga,12000,Thức Uống & Tráng Miệng,691b2a643352e0c4379205df,available,-1,3.7,2025-11-17 14:46:31,2025-11-17 14:46:31,[],['68f449478dc8e5122e48a479'],[],[]
691b37ba3352e0c437920d61,Pizza 4 Cheese Dừa Non Tôm Nõn - Mật Hoa Dừa,"Tôm, 4 loại phô mai trứ danh kết hợp cùng Dừa Việt Nam, dùng kèm với Mật Hoa Dừa.",179000,Pizza,691b365e3352e0c437920cd8,available,-1,5.0,2025-11-17 14:56:58,2025-11-17 14:56:58,"['68ed207786da2ddcd588cd16', '68ed207286da2ddcd588cc92', '68ed207286da2ddcd588cc8f']","['68f449478dc8e5122e48a479', '68f449498dc8e5122e48a4b2', '68f449498dc8e5122e48a4be']",['68ed20e61c787e2365e46ebf'],['68ed20125913598c41da0e0f']
691b38163352e0c437920d9c,Pizza Hải Sản Cocktail,"Tôm, cua, giăm bông và xốt Thousand Island.",159000,Pizza,691b365e3352e0c437920cd8,available,-1,3.5,2025-11-17 14:58:30,2025-11-17 14:58:30,"['68ed207286da2ddcd588cc8f', '68ed207286da2ddcd588cc92', '68ed207286da2ddcd588cc95', '68ed207786da2ddcd588cd16', '68ed207486da2ddcd588cccb', '68ed207786da2ddcd588cd1d']","['68f449488dc8e5122e48a497', '68f449498dc8e5122e48a4af']",['68ed20e61c787e2365e46eb9'],['68ed20125913598c41da0e0f']
691b38563352e0c437920dd6,Pizza Thịt Xông Khói Đặc Biệt,"Thịt giăm bông, thịt xông khói, ớt xanh và cà chua.",149000,Pizza,691b365e3352e0c437920cd8,available,-1,3.7,2025-11-17 14:59:34,2025-11-17 14:59:34,"['68ed207286da2ddcd588cc89', '68ed207786da2ddcd588cd16']",['68f449468dc8e5122e48a461'],"['68ed20e61c787e2365e46eb9', '68ed20e61c787e2365e46ebf']",['68ed20125913598c41da0e0f']
691b38943352e0c437920e10,Pizza Xúc Xích Ý,Xúc xích kiểu Ý trên nền xốt cà chua.,139000,Pizza,691b365e3352e0c437920cd8,available,-1,3.5,2025-11-17 15:00:36,2025-11-17 15:00:36,"['68ed207786da2ddcd588cd16', '68ed207286da2ddcd588cc8c', '68ed207486da2ddcd588ccc8']",[],['68ed20e61c787e2365e46ebf'],['68ed20125913598c41da0e0f']
691b38c13352e0c437920e49,Pizza Phô Mai,"Phô mai, phô mai và phô mai.",139000,Pizza,691b365e3352e0c437920cd8,available,-1,4.5,2025-11-17 15:01:21,2025-11-17 15:01:21,['68ed207786da2ddcd588cd16'],[],['68ed20e61c787e2365e46ebf'],['68ed20125913598c41da0e0f']
691b38f73352e0c437920e82,Pizza Rau Củ,"Hành, ớt chuông, nấm, dứa và cà chua.",138999,Pizza,691b365e3352e0c437920cd8,available,-1,4.3,2025-11-17 15:02:15,2025-11-17 15:02:15,"['68ed207586da2ddcd588ccec', '68ed207586da2ddcd588cce6', '68ed207586da2ddcd588cce9', '68ed207786da2ddcd588cd16', '68ed207486da2ddcd588cccb']",[],['68ed20e61c787e2365e46eb9'],['68ed20125913598c41da0e0f']
691b395f3352e0c437920ebb,Salad Gà Giòn Không Xương,"Salad gà giòn với trứng cút, thịt xông khói, phô mai và xốt Thousand Island.",88999,Salad,691b365e3352e0c437920cd8,available,-1,3.7,2025-11-17 15:03:59,2025-11-17 15:03:59,"['68ed207586da2ddcd588cce3', '68ed207586da2ddcd588ccd7', '68ed207586da2ddcd588ccda', '68ed207286da2ddcd588cc86', '68ed207286da2ddcd588cc8c', '68ed207286da2ddcd588cc9e']",[],"['68ed20e51c787e2365e46ea1', '68ed20e51c787e2365e46e9b']",['68ed20125913598c41da0e0f']
691b39953352e0c437920ef5,Salad Trộn Xốt Caesar,Rau với xốt Caesar.,89000,Salad,691b365e3352e0c437920cd8,available,-1,4.3,2025-11-17 15:04:53,2025-11-17 15:04:53,"['68ed207586da2ddcd588cce3', '68ed207586da2ddcd588ccda']",[],['68ed20e51c787e2365e46ea1'],['68ed20125913598c41da0e0f']
691b39c73352e0c437920f29,Ảnh của Salad Đặc Sắc 89.000đ  Salad Đặc Sắc,Salad rau và trái cây tươi dùng kèm xốt kem.,89000,Salad,691b365e3352e0c437920cd8,available,-1,4.1,2025-11-17 15:05:43,2025-11-17 15:05:43,"['68ed207586da2ddcd588cce3', '68ed207486da2ddcd588cccb', '68ed207486da2ddcd588ccc8', '68ed207686da2ddcd588ccf8', '68ed207586da2ddcd588cce0']",[],['68ed20e51c787e2365e46e9b'],['68ed20125913598c41da0e0f']
691b39e63352e0c437920f5d,Pepsi,Nước ngọt có ga,10000,Thức uống,691b365e3352e0c437920cd8,available,-1,4.2,2025-11-17 15:06:14,2025-11-17 15:06:14,[],['68f449478dc8e5122e48a47c'],[],[]
691b39fd3352e0c437920f8e,7Up,Nước ngọt có ga,10000,Thức uống,691b365e3352e0c437920cd8,available,-1,3.8,2025-11-17 15:06:37,2025-11-17 15:06:37,[],[],[],[]
691b475a3352e0c437921073,SPAGHETTI BOLOGNAISE,Mỳ Ý sợi dài với xốt thịt bò cà chua.,230000,Pasta,691b46553352e0c437920fed,available,-1,4.8,2025-11-17 16:03:38,2025-11-17 16:03:38,"['68ed207286da2ddcd588cc89', '68ed207786da2ddcd588cd16']","['68f449468dc8e5122e48a464', '68f449478dc8e5122e48a476', '68f449488dc8e5122e48a497', '68f449498dc8e5122e48a4af']","['68ed20e51c787e2365e46ea7', '68ed20e51c787e2365e46eaa', '68ed20e61c787e2365e46ebf']",['68ed20125913598c41da0e0f']
691b47813352e0c4379210ac,FETTUCCINE CARBONARA,Mỳ Ý sợi dẹt với jămbông & phô mai xốt kem.,229999,Pasta,691b46553352e0c437920fed,available,-1,3.6,2025-11-17 16:04:17,2025-11-17 16:04:17,"['68ed207386da2ddcd588ccad', '68ed207786da2ddcd588cd16']","['68f449498dc8e5122e48a4af', '68f449468dc8e5122e48a461']",['68ed20e61c787e2365e46ebf'],['68ed20125913598c41da0e0f']
691b47b63352e0c4379210e5,ROSEMARY CHICKEN PASTA,"Mỳ Ý sợi dài với ức gà nướng, nụ bạch hoa, cà chua sấy, cải bó xôi & phô mai.",230000,Pasta,691b46553352e0c437920fed,available,-1,3.6,2025-11-17 16:05:10,2025-11-17 16:05:10,"['68ed207386da2ddcd588ccad', '68ed207286da2ddcd588cc86', '68ed207786da2ddcd588cd16', '68ed207486da2ddcd588ccd4']",['68f449468dc8e5122e48a464'],['68ed20e61c787e2365e46ebf'],['68ed20125913598c41da0e0f']
691b48093352e0c437921122,PYGMY PLATTER (4PCS),4 dẻ sườn nhỏ nướng kèm khoai tây múi chiên. Không phục vụ kèm salát,245000,Ribs & Steak,691b46553352e0c437920fed,available,-1,4.5,2025-11-17 16:06:33,2025-11-17 16:06:33,"['68ed207286da2ddcd588cc89', '68ed207486da2ddcd588ccbf']","['68f449468dc8e5122e48a464', '68f449488dc8e5122e48a497']","['68ed20e61c787e2365e46ebf', '68ed20e61c787e2365e46eb3']",['68ed20125913598c41da0e0c']
691b48393352e0c43792115b,HALF RACK RIBS,5-6 dẻ sườn lớn nướng dùng kèm khoai tây múi chiên. Không phục vụ kèm salát,395000,Ribs & Steak,691b46553352e0c437920fed,available,-1,3.6,2025-11-17 16:07:21,2025-11-17 16:07:21,"['68ed207286da2ddcd588cc89', '68ed207486da2ddcd588ccbf']",['68f449488dc8e5122e48a497'],"['68ed20e61c787e2365e46ebf', '68ed20e61c787e2365e46eb3']",['68ed20125913598c41da0e0c']
691b487d3352e0c437921197,RIB EYE STEAK (250GR),Thăn bò ngoại New Zealand nướng mềm dùng kèm khoai tây chiên.,595000,Ribs & Steak,691b46553352e0c437920fed,available,-1,4.0,2025-11-17 16:08:29,2025-11-17 16:08:29,"['68ed207286da2ddcd588cc89', '68ed207486da2ddcd588ccbf']",['68f449488dc8e5122e48a494'],['68ed20e71c787e2365e46ecb'],['68ed20125913598c41da0e0c']
691b48c13352e0c4379211d0,COMBINATION FRIED RICE,"Cơm chiên tổng hợp gồm thịt bò, thịt gà, tôm, jămbông và rau củ.",165000,Chef's Choice,691b46553352e0c437920fed,available,-1,3.8,2025-11-17 16:09:37,2025-11-17 16:09:37,"['68ed207286da2ddcd588cc89', '68ed207286da2ddcd588cc86', '68ed207286da2ddcd588cc92', '68ed207386da2ddcd588ccaa']",['68f449488dc8e5122e48a497'],['68ed20e61c787e2365e46eb3'],[]
691b48f63352e0c437921204,CHICKEN CAESAR SALAD WRAP,"Lá bột mì cuộn salát Caesar và thịt gà nướng, dùng kèm khoai tây chiên.",185000,Chef's Choice,691b46553352e0c437920fed,available,-1,4.9,2025-11-17 16:10:30,2025-11-17 16:10:30,"['68ed207286da2ddcd588cc86', '68ed207486da2ddcd588ccbf']",[],['68ed20e61c787e2365e46ebf'],['68ed20135913598c41da0e15']
691b493b3352e0c43792123c,AL'S CHEESY NACHOS,Lá bột mì chiên giòn phủ nhân thịt gà kiểu Mêhicô hoặc thịt bò hầm & phô mai đút lò. Dùng kèm 3 loại xốt kiểu Mêhicô & ớt jalapenos.,195000,Chef's Choice,691b46553352e0c437920fed,available,-1,4.7,2025-11-17 16:11:39,2025-11-17 16:11:39,"['68ed207286da2ddcd588cc86', '68ed207286da2ddcd588cc89']",[],['68ed20e61c787e2365e46eb6'],['68ed20125913598c41da0e0c']
691b497c3352e0c437921274,CHICKEN PARMIGIANA,Gà tẩm bột chiên phủ xốt Napoli & phô mai. Ăn kèm khoai tây chiên.,185000,Chef's Choice,691b46553352e0c437920fed,available,-1,3.9,2025-11-17 16:12:44,2025-11-17 16:12:44,"['68ed207286da2ddcd588cc86', '68ed207486da2ddcd588ccbf']",[],"['68ed20e61c787e2365e46eb3', '68ed20e61c787e2365e46eb6']",[]
691c67a3c1fba72f38632e7f,Trà Sữa Truyền Thống,Trà sữa truyền thống giữ vững hương vị trong hành trình 7 năm qua,22000,Gu Đậm - Trà Sữa Đậm Vị,691bce6ee992502f00390fb8,available,-1,4.8,2025-11-18 12:33:39,2025-11-18 12:33:39,['68ed207786da2ddcd588cd13'],['68f449478dc8e5122e48a479'],[],[]
691c67f9c1fba72f38632eb8,Olong Sữa Rang,Đậm Đà Hương Vị Trà Rang.,20000,Gu Đậm - Trà Sữa Đậm Vị,691bce6ee992502f00390fb8,available,-1,4.9,2025-11-18 12:35:05,2025-11-18 12:35:05,"['68ed207786da2ddcd588cd13', '68ed207386da2ddcd588ccaa']",['68f449478dc8e5122e48a479'],[],[]
691c684ac1fba72f38632ef0,Trà Sữa Matcha,Trà sữa matcha thơm ngon,20000,Gu Đậm - Trà Sữa Đậm Vị,691bce6ee992502f00390fb8,available,-1,4.7,2025-11-18 12:36:26,2025-11-18 12:36:26,['68ed207786da2ddcd588cd13'],"['68f449478dc8e5122e48a476', '68f449478dc8e5122e48a479']",[],[]
691c6882c1fba72f38632f28,Trà Sữa Chocolate,"Trà Sữa Chocolate Sunday Basic - Hòa quyện giữa vị trà thơm nhẹ và hương chocolate ngọt ngào, mang đến trải nghiệm béo ngậy và sảng khoái. Thưởng thức ngay",20000,Gu Đậm - Trà Sữa Đậm Vị,691bce6ee992502f00390fb8,available,-1,4.4,2025-11-18 12:37:22,2025-11-18 12:37:22,['68ed207786da2ddcd588cd13'],['68f449478dc8e5122e48a47c'],[],[]
691c68b9c1fba72f38632f60,Trà Sữa Sunday,"Trà sữa truyền thống kết hợp với 5 loại topping (trân châu đường đen, thủy tinh dưa lưới, hạt dừa, thạch chohcolate, thạch phô mai) & bánh flan.",35000,Gu Đậm - Trà Sữa Đậm Vị,691bce6ee992502f00390fb8,available,-1,3.9,2025-11-18 12:38:17,2025-11-18 12:38:17,"['68ed207786da2ddcd588cd13', '68ed207786da2ddcd588cd16']","['68f449478dc8e5122e48a479', '68f449478dc8e5122e48a476']",[],[]
691c68ebc1fba72f38632f96,Bơ Dừa Non,"Bơ 034 Đà Lạt dẻo mịn, thơm béo tự nhiên hòa quyện cùng nước cốt dừa béo ngậy, thêm topping cuốn hạt điều giòn giòn bùi bùi.",35000,Bơ Tươi,691bce6ee992502f00390fb8,available,-1,4.6,2025-11-18 12:39:07,2025-11-18 12:39:33,"['68ed207786da2ddcd588cd13', '68ed207786da2ddcd588cd16', '68ed207786da2ddcd588cd0d']","['68f449478dc8e5122e48a479', '68f449478dc8e5122e48a476']",[],[]
691c6936c1fba72f38633025,Trà Sữa Bơ,Trà sửa bơ thơm ngon béo bùi,32000,Bơ Tươi,691bce6ee992502f00390fb8,available,-1,3.6,2025-11-18 12:40:22,2025-11-18 12:40:22,"['68ed207786da2ddcd588cd16', '68ed207786da2ddcd588cd13', '68ed207786da2ddcd588cd0d']","['68f449478dc8e5122e48a479', '68f449478dc8e5122e48a476']",[],[]
691c6985c1fba72f3863305d,Trà Sữa Oreo Phô Mai,Trà sữa + oreo ??? Tại sao không chứ.,31999,Trà Sữa Mix Chuẩn Gu,691bce6ee992502f00390fb8,available,-1,4.5,2025-11-18 12:41:41,2025-11-18 12:41:41,['68ed207786da2ddcd588cd13'],"['68f449478dc8e5122e48a479', '68f449478dc8e5122e48a476']",[],[]
691c6a0bc1fba72f38633096,Hồng Trà Vải Thiều,"Hồng Trà thơm, Vải thiều ngọt",32000,Gu Trà Nhai Đã,691bce6ee992502f00390fb8,available,-1,3.5,2025-11-18 12:43:55,2025-11-18 12:43:55,[],"['68f449478dc8e5122e48a479', '68f449478dc8e5122e48a476']",[],[]
691c6a53c1fba72f386330ce,Trà Lựu Đỏ,Trà sữa lựu ngon,31999,Gu Trà Nhai Đã,691bce6ee992502f00390fb8,available,-1,4.3,2025-11-18 12:45:07,2025-11-18 12:45:07,[],"['68f449478dc8e5122e48a47c', '68f449478dc8e5122e48a479', '68f449478dc8e5122e48a476']",[],[]
691c6aabc1fba72f38633105,Trà Bưởi Dâu Tây,"Vị dâu tây ngọt dịu làm chủ đạo, kết hợp tép bưởi thật và trà xanh thanh mát - tươi mới, dễ uống, dễ ghiền.   Lưu ý: Món có sẵn tép bưởi tươi.",29000,Gu Trà Nhai Đã,691bce6ee992502f00390fb8,available,-1,4.9,2025-11-18 12:46:35,2025-11-18 12:46:35,[],"['68f449478dc8e5122e48a479', '68f449478dc8e5122e48a476']",[],[]
691c6ad6c1fba72f3863313c,Trà Đào Cam Sả,"Trà Đào Cam Sả Sunday Basic - Kết hợp tươi mát giữa trà đào ngọt dịu, vị cam thơm lừng và hương sả thanh mát. Một thức uống sảng khoái, giải nhiệt đầy hấp dẫn!",32000,Gu Trà Nhai Đã,691bce6ee992502f00390fb8,available,-1,4.3,2025-11-18 12:47:18,2025-11-18 12:47:18,['68ed207686da2ddcd588cd01'],"['68f449478dc8e5122e48a479', '68f449478dc8e5122e48a476']",[],[]
691c6b0bc1fba72f38633174,Trà Mãng Cầu Xiêm,Chua Chua Ngọt Ngọt,35000,Gu Trà Nhai Đã,691bce6ee992502f00390fb8,available,-1,4.0,2025-11-18 12:48:11,2025-11-18 12:48:11,[],"['68f449478dc8e5122e48a479', '68f449478dc8e5122e48a476']",[],[]
691c6b47c1fba72f386331ab,Lục Trà Nhài,Lục trà nhài thơm,15000,Gu Trà - Thanh Mát,691bce6ee992502f00390fb8,available,-1,3.6,2025-11-18 12:49:11,2025-11-18 12:49:11,[],"['68f449478dc8e5122e48a476', '68f449478dc8e5122e48a482', '68f449488dc8e5122e48a4a6']",[],[]
691c6b80c1fba72f386331e6,Hồng Trà Asam,Hồng trà kiểu mới,15000,Gu Trà - Thanh Mát,691bce6ee992502f00390fb8,available,-1,4.5,2025-11-18 12:50:08,2025-11-18 12:50:08,[],"['68f449478dc8e5122e48a476', '68f449488dc8e5122e48a4a0']",[],[]
691c6babc1fba72f3863321c,Hồng Trà Tắc,"Được ủ từ trà đen Assam Ấn Độ đậm vị, kết hợp cùng tắc tươi chua nhẹ và trà bí đao thanh mát, tạo nên ly trà chua - ngọt, giải khát cực đã.",19000,Gu Trà - Thanh Mát,691bce6ee992502f00390fb8,available,-1,3.9,2025-11-18 12:50:51,2025-11-18 12:50:51,[],"['68f449478dc8e5122e48a479', '68f449478dc8e5122e48a47c']",[],[]
691c6c45c1fba72f38633255,Trà Sửa Khoai Môn Nghiền,Trà sữa và khoai môn,29000,Khoai Môn Tươi,691bce6ee992502f00390fb8,available,-1,3.7,2025-11-18 12:53:25,2025-11-18 12:53:25,['68ed207786da2ddcd588cd13'],"['68f449478dc8e5122e48a479', '68f449478dc8e5122e48a485']",[],[]
691c8c1dc1fba72f3863338a,Trà sữa Ô Long,Trà sữa ô long thơm béo,59000,Trà sữa,691bcf99e992502f00390fd5,available,-1,4.3,2025-11-18 15:09:17,2025-11-18 15:09:17,['68ed207786da2ddcd588cd13'],"['68f449478dc8e5122e48a479', '68f449478dc8e5122e48a476', '68f449478dc8e5122e48a47c']",[],[]
691c8c50c1fba72f386333c1,Trà Sữa Socola,Trà sữa thơm ngon,55000,Trà sữa,691bcf99e992502f00390fd5,available,-1,4.6,2025-11-18 15:10:08,2025-11-18 15:10:08,['68ed207786da2ddcd588cd13'],"['68f449478dc8e5122e48a47c', '68f449478dc8e5122e48a479', '68f449478dc8e5122e48a476']",[],[]
691c8c88c1fba72f386333f8,Hồng Trà sữa,Trà sữa thơm ngon,54998,Trà sữa,691bcf99e992502f00390fd5,available,-1,4.6,2025-11-18 15:11:04,2025-11-18 15:11:04,['68ed207786da2ddcd588cd13'],"['68f449478dc8e5122e48a47c', '68f449478dc8e5122e48a479', '68f449478dc8e5122e48a476']",[],[]
691c8cc3c1fba72f3863342f,Hồng Trà Chanh,Trà trái cây thơm ngon,49000,Trà trái cây,691bcf99e992502f00390fd5,available,-1,4.4,2025-11-18 15:12:03,2025-11-18 15:12:03,[],"['68f449478dc8e5122e48a47c', '68f449478dc8e5122e48a479', '68f449478dc8e5122e48a476']",[],[]
691c8cfcc1fba72f38633465,Hồng Trà Đào,Trà trái cây thơm ngon,65000,Trà trái cây,691bcf99e992502f00390fd5,available,-1,4.0,2025-11-18 15:13:00,2025-11-18 15:13:00,[],"['68f449478dc8e5122e48a479', '68f449478dc8e5122e48a476', '68f449478dc8e5122e48a47c']",[],[]
691c8d2fc1fba72f3863349a,Trà Lài Phúc Bồn Tử Thạch Dừa Sợi,Trà trái cây thơm ngon,69000,Trà trái cây,691bcf99e992502f00390fd5,available,-1,5.0,2025-11-18 15:13:51,2025-11-18 15:13:51,[],"['68f449478dc8e5122e48a476', '68f449478dc8e5122e48a479', '68f449478dc8e5122e48a47c']",[],[]
691c8d69c1fba72f386334d0,Trà Phúc Long Kem Silky,Trà kem silky thơm ngon,55000,Kem silky,691bcf99e992502f00390fd5,available,-1,4.3,2025-11-18 15:14:49,2025-11-18 15:14:49,[],"['68f449478dc8e5122e48a47c', '68f449478dc8e5122e48a479', '68f449478dc8e5122e48a476']",[],[]
691c8daac1fba72f38633502,Hồng Trà Kem Silky,Hồng Trà Kem Silky thơm ngon,55000,Kem silky,691bcf99e992502f00390fd5,available,-1,3.7,2025-11-18 15:15:54,2025-11-18 15:15:54,[],"['68f449478dc8e5122e48a479', '68f449478dc8e5122e48a476', '68f449478dc8e5122e48a47c']",[],[]
691c8dfcc1fba72f38633539,Cà Phê Đen Đá,Cà Phê Đen Đá bừng tỉnh,35000,Cà phê,691bcf99e992502f00390fd5,available,-1,3.9,2025-11-18 15:17:16,2025-11-18 15:17:16,[],"['68f449478dc8e5122e48a476', '68f449478dc8e5122e48a473', '68f449488dc8e5122e48a4a6']",[],[]
691c8e2ac1fba72f3863356f,Cà Phê Sữa Đá,Cà Phê Sữa Đá bừng tỉnh,39000,Cà phê,691bcf99e992502f00390fd5,available,-1,4.6,2025-11-18 15:18:02,2025-11-18 15:18:02,[],"['68f449478dc8e5122e48a479', '68f449478dc8e5122e48a47c', '68f449488dc8e5122e48a4a0', '68f449498dc8e5122e48a4a9', '68f449498dc8e5122e48a4ac', '68f449498dc8e5122e48a4af']",[],[]
691c8e65c1fba72f386335a5,Đá xay Matcha,Đá xay Matcha ngon thơm,69000,Đá xay,691bcf99e992502f00390fd5,available,-1,5.0,2025-11-18 15:19:01,2025-11-18 15:19:01,[],['68f449478dc8e5122e48a479'],[],[]
691c8e9ec1fba72f386335d6,Cappuccino Đá Xay,Cappuccino Đá Xay thơm ngon,69000,Đá xay,691bcf99e992502f00390fd5,available,-1,4.5,2025-11-18 15:19:58,2025-11-18 15:19:58,[],['68f449478dc8e5122e48a47c'],[],[]
691c8ec4c1fba72f38633608,Trà Phúc Long,Trà Nguyên Bản,45000,Trà nguyên bản,691bcf99e992502f00390fd5,available,-1,4.8,2025-11-18 15:20:36,2025-11-18 15:20:36,[],"['68f449488dc8e5122e48a4a6', '68f449498dc8e5122e48a4bb', '68f449498dc8e5122e48a4c1']",[],[]
691c8f04c1fba72f3863363a,Chanh Đá Xay,Chanh Đá Xay lạnh ngon,59000,Đá xay,691bcf99e992502f00390fd5,available,-1,4.1,2025-11-18 15:21:40,2025-11-18 15:21:40,[],"['68f449478dc8e5122e48a476', '68f449478dc8e5122e48a48b']",[],[]
691c90abc1fba72f386336bd,Freeze Trà Xanh,"Thức uống rất được ưa chuộng! Trà xanh thượng hạng từ cao nguyên Việt Nam, kết hợp cùng đá xay, thạch trà dai dai, thơm ngon và một lớp kem dày phủ lên trên vô cùng hấp dẫn. Freeze Trà Xanh thơm ngon, mát lạnh, chinh phục bất cứ ai!",54999,FREEZE,691bd0e7e992502f00390ff3,available,-1,3.6,2025-11-18 15:28:43,2025-11-18 15:28:43,[],"['68f449488dc8e5122e48a4a6', '68f449498dc8e5122e48a4bb', '68f449478dc8e5122e48a476']",[],[]
691c90e6c1fba72f386336ed,Freeze Trà Xanh,"Một thức uống ngon lạ miệng bởi sự kết hợp hoàn hảo giữa cookies sô cô la giòn xốp cùng hỗn hợp sữa tươi cùng sữa đặc đem say với đá viên, và cuối cùng không thể thiếu được chính là lớp kem whip mềm mịn cùng cookies sô cô la say nhuyễn.",54998,FREEZE,691bd0e7e992502f00390ff3,available,-1,4.4,2025-11-18 15:29:42,2025-11-18 15:29:42,['68ed207786da2ddcd588cd13'],"['68f449478dc8e5122e48a47c', '68f449488dc8e5122e48a4a0']",[],[]
691c9106c1fba72f3863371a,Caramel Phin Freeze,"Thơm ngon khó cưỡng! Được kết hợp từ cà phê truyền thống chỉ có tại Highlands Coffee, cùng với caramel, thạch cà phê và đá xay mát lạnh. Trên cùng là lớp kem tươi thơm béo và caramel ngọt ngào. Món nước phù hợp trong những cuộc gặp gỡ bạn bè, bởi sự ngọt ngào thường mang mọi người xích lại gần nhau.",55000,FREEZE,691bd0e7e992502f00390ff3,available,-1,4.5,2025-11-18 15:30:14,2025-11-18 15:30:14,[],"['68f449478dc8e5122e48a476', '68f449478dc8e5122e48a479', '68f449488dc8e5122e48a4a6']",[],[]
691c9162c1fba72f38633746,Bạc Xỉu Đá,"Nếu Phin Sữa Đá dành cho các bạn đam mê vị đậm đà, thì Bạc Xỉu Đá là một sự lựa chọn nhẹ “đô"" cà phê nhưng vẫn thơm ngon, chất lừ không kém!",29000,CÀ PHÊ,691bd0e7e992502f00390ff3,available,-1,3.5,2025-11-18 15:31:46,2025-11-18 15:31:46,[],['68f449478dc8e5122e48a479'],[],[]
691c91d7c1fba72f386337cb,Phin Đen Nóng,"Dành cho những tín đồ cà phê đích thực! Hương vị cà phê truyền thống được phối trộn độc đáo tại Highlands. Cà phê đậm đà pha từ Phin, cho thêm 1 thìa đường, mang đến vị cà phê đậm đà chất Phin.",29000,CÀ PHÊ,691bd0e7e992502f00390ff3,available,-1,4.8,2025-11-18 15:33:43,2025-11-18 15:33:43,[],"['68f449488dc8e5122e48a4a6', '68f449478dc8e5122e48a476', '68f449488dc8e5122e48a4a0']",[],[]
691c9204c1fba72f386337f9,Phin Đen Đá,"Dành cho những tín đồ cà phê đích thực! Hương vị cà phê truyền thống được phối trộn độc đáo tại Highlands. Cà phê đậm đà pha hoàn toàn từ Phin, cho thêm 1 thìa đường, một ít đá viên mát lạnh, tạo nên Phin Đen Đá mang vị cà phê đậm đà chất Phin.",29000,CÀ PHÊ,691bd0e7e992502f00390ff3,available,-1,3.9,2025-11-18 15:34:28,2025-11-18 15:34:28,[],"['68f449488dc8e5122e48a4a0', '68f449488dc8e5122e48a4a6', '68f449478dc8e5122e48a482', '68f449478dc8e5122e48a476']",[],[]
691c922dc1fba72f3863382f,PhinDi Hạnh Nhân,"PhinDi Hạnh Nhân - Cà phê Phin thế hệ mới với chất Phin êm hơn, kết hợp cùng Hạnh nhân thơm bùi mang đến hương vị mới lạ, không thể hấp dẫn hơn!",45000,CÀ PHÊ,691bd0e7e992502f00390ff3,available,-1,4.8,2025-11-18 15:35:09,2025-11-18 15:35:09,[],"['68f449498dc8e5122e48a4a9', '68f449478dc8e5122e48a479']",[],[]
691c925ac1fba72f38633864,Espresso,Đích thực là ly cà phê espresso ngon đậm đà! Được chiết xuất một cách hoàn hảo từ loại cà phê rang được phối trộn độc đáo từ những hạt cà phê Robusta và Arabica chất lượng hảo hạng.,45000,CÀ PHÊ,691bd0e7e992502f00390ff3,available,-1,3.8,2025-11-18 15:35:54,2025-11-18 15:35:54,[],"['68f449478dc8e5122e48a476', '68f449488dc8e5122e48a4a6', '68f449478dc8e5122e48a482']",[],[]
691c9294c1fba72f38633896,Trà Sen Vàng (Củ Năng),"Thức uống chinh phục những thực khách khó tính! Sự kết hợp độc đáo giữa trà Ô long, hạt sen thơm bùi và củ năng giòn tan. Thêm vào chút sữa sẽ để vị thêm ngọt ngào.",45000,TRÀ,691bd0e7e992502f00390ff3,available,-1,3.8,2025-11-18 15:36:52,2025-11-18 15:36:52,['68ed207786da2ddcd588cd13'],"['68f449488dc8e5122e48a4a0', '68f449498dc8e5122e48a4bb', '68f449498dc8e5122e48a4c1', '68f449478dc8e5122e48a479']",[],[]
691c92ecc1fba72f386338ce,Trà Xanh Đậu Đỏ,Độc đáo,45000,TRÀ,691bd0e7e992502f00390ff3,available,-1,3.6,2025-11-18 15:38:20,2025-11-18 15:38:20,[],"['68f449478dc8e5122e48a479', '68f449478dc8e5122e48a482']",[],[]
691c930ec1fba72f38633903,Trà Sen Vàng (Sen),Cổ điển,45000,TRÀ,691bd0e7e992502f00390ff3,available,-1,3.7,2025-11-18 15:38:54,2025-11-18 15:38:54,[],['68f449478dc8e5122e48a476'],[],[]
691dc2ed93299794cf7f5ffd,Cơm cháy,Cơm ngon gạo dẻo,24000,Cơm,691c9434c1fba72f38633937,available,-1,4.6,2025-11-19 13:15:25,2025-11-19 13:15:25,['68ed207386da2ddcd588ccaa'],[],['68ed20e51c787e2365e46ea4'],['68ed20115913598c41da0dee']
691dc32493299794cf7f6035,Cơm cháy sốt thịt bằm mỡ hành,Cơm ngon gạo dẻo,39000,Cơm,691c9434c1fba72f38633937,available,-1,4.6,2025-11-19 13:16:20,2025-11-19 13:16:20,['68ed207386da2ddcd588ccaa'],"['68f449488dc8e5122e48a49a', '68f449488dc8e5122e48a4a0']",['68ed20e51c787e2365e46ea4'],['68ed20115913598c41da0dee']
691dc35793299794cf7f606e,Cơm Chiên Hải Sản,"Cơm ngon, hài sản tươi mới",99000,Cơm,691c9434c1fba72f38633937,available,-1,4.9,2025-11-19 13:17:11,2025-11-19 13:17:11,"['68ed207386da2ddcd588ccaa', '68ed207286da2ddcd588cc92', '68ed207286da2ddcd588cc95', '68ed207286da2ddcd588cc98']",['68f449488dc8e5122e48a497'],['68ed20e51c787e2365e46ea4'],['68ed20115913598c41da0dee']
691dc3f893299794cf7f60a8,Cá Bớp Kho Tộ,Món ăn có vị cay nhẹ,140000,Món Cá,691c9434c1fba72f38633937,available,-1,4.0,2025-11-19 13:19:52,2025-11-19 13:19:52,['68ed207286da2ddcd588cc8f'],"['68f449488dc8e5122e48a4a0', '68f449468dc8e5122e48a464', '68f449488dc8e5122e48a49a']","['68ed20e51c787e2365e46e9e', '68ed20e61c787e2365e46ec2']",['68ed20115913598c41da0dee']
691dc42c93299794cf7f60dd,Cá Diêu Hồng Sốt Cà,Cá vừa vị,90000,Món Cá,691c9434c1fba72f38633937,available,-1,3.9,2025-11-19 13:20:44,2025-11-19 13:20:44,['68ed207286da2ddcd588cc8f'],"['68f449468dc8e5122e48a464', '68f449478dc8e5122e48a488']",['68ed20e61c787e2365e46ec5'],['68ed20115913598c41da0dee']
691dc47d93299794cf7f6113,Sườn xào chua ngọt,"Thịt béo, vừa vị",95000,Món Thịt,691c9434c1fba72f38633937,available,-1,4.0,2025-11-19 13:22:05,2025-11-19 13:22:05,['68ed207286da2ddcd588cc8c'],"['68f449488dc8e5122e48a4a0', '68f449488dc8e5122e48a497']",['68ed20e51c787e2365e46eb0'],['68ed20115913598c41da0dee']
691dc4bc93299794cf7f6148,Thịt kho trứng,"Trứng to, thịt béo",97999,Món Thịt,691c9434c1fba72f38633937,available,-1,4.8,2025-11-19 13:23:08,2025-11-19 13:23:08,"['68ed207286da2ddcd588cc8c', '68ed207886da2ddcd588cd3e', '68ed207886da2ddcd588cd3b', '68ed207986da2ddcd588cd41', '68ed207b86da2ddcd588cd7d']","['68f449468dc8e5122e48a464', '68f449498dc8e5122e48a4af']","['68ed20e51c787e2365e46ea4', '68ed20e61c787e2365e46ec2']",['68ed20115913598c41da0dee']
691dc4f593299794cf7f617d,Rau muống xào tỏi,"Rau xanh, giòn",52000,Món Rau,691c9434c1fba72f38633937,available,-1,4.0,2025-11-19 13:24:05,2025-11-19 13:24:05,[],[],['68ed20e51c787e2365e46eb0'],['68ed20115913598c41da0dee']
691dc53293299794cf7f61b0,Rau luộc thập cẩm,Đơn giản nhưng hoài niệm,60000,Món Rau,691c9434c1fba72f38633937,available,-1,4.6,2025-11-19 13:25:06,2025-11-19 13:25:06,"['68ed207586da2ddcd588cce3', '68ed207586da2ddcd588cce0', '68ed207586da2ddcd588ccec', '68ed207586da2ddcd588ccef', '68ed207486da2ddcd588ccd1']",[],['68ed20e51c787e2365e46ea1'],[]
691dc57093299794cf7f61e3,Soda chanh,Soda chanh tươi mát,34999,Nước Uống,691c9434c1fba72f38633937,available,-1,4.2,2025-11-19 13:26:08,2025-11-19 13:26:08,[],['68f449478dc8e5122e48a482'],[],[]
691dc7b593299794cf7f628f,Cơm gà Hải Nam,Chuẩn vị,75000,Cơm Gà Hải Nam,691c9758cf4e1243c09d9959,available,-1,4.0,2025-11-19 13:35:49,2025-11-19 13:35:49,"['68ed207286da2ddcd588cc86', '68ed207386da2ddcd588ccaa']","['68f449468dc8e5122e48a464', '68f449488dc8e5122e48a497']","['68ed20e61c787e2365e46ec5', '68ed20e51c787e2365e46ea4']",[]
691dc80593299794cf7f62c8,Cơm gà + xá xíu,Gà và Xá xíu,85000,Cơm Gà Hải Nam,691c9758cf4e1243c09d9959,available,-1,4.7,2025-11-19 13:37:09,2025-11-19 13:37:09,"['68ed207286da2ddcd588cc86', '68ed207386da2ddcd588ccaa']",[],['68ed20e51c787e2365e46ea4'],[]
691dc83593299794cf7f62fe,Cơm vịt quay,Cơm vịt thả vườn,75000,Cơm Gà Hải Nam,691c9758cf4e1243c09d9959,available,-1,3.7,2025-11-19 13:37:57,2025-11-19 13:37:57,"['68ed207286da2ddcd588cc86', '68ed207386da2ddcd588ccaa']",[],['68ed20e51c787e2365e46ea4'],[]
691dc86593299794cf7f6335,Cơm phá lấu,Phá lấu đã được chế biến kĩ càng,75000,Cơm Gà Hải Nam,691c9758cf4e1243c09d9959,available,-1,3.8,2025-11-19 13:38:45,2025-11-19 13:38:45,['68ed207386da2ddcd588ccaa'],"['68f449488dc8e5122e48a49a', '68f449488dc8e5122e48a4a0']",['68ed20e51c787e2365e46ea4'],[]
691dc89293299794cf7f636d,Cơm đùi gà Hải Nam,Cơm gà thả vườn,80000,Cơm Gà Hải Nam,691c9758cf4e1243c09d9959,available,-1,4.7,2025-11-19 13:39:30,2025-11-19 13:39:30,"['68ed207286da2ddcd588cc86', '68ed207386da2ddcd588ccaa']",[],['68ed20e51c787e2365e46ea4'],[]
691dc8e793299794cf7f63a4,Hủ tiếu xào thập cẩm,Hủ tiếu xài với nhiều loại hải sản,60000,Hủ tiếu xào,691c9758cf4e1243c09d9959,available,-1,3.7,2025-11-19 13:40:55,2025-11-19 13:40:55,"['68ed207286da2ddcd588cc8c', '68ed207286da2ddcd588cc92', '68ed207286da2ddcd588cc95', '68ed207486da2ddcd588cccb', '68ed207486da2ddcd588ccce']",['68f449468dc8e5122e48a464'],['68ed20e51c787e2365e46eb0'],[]
691dc91a93299794cf7f63dc,Nui xào bò,Nui xào bò bằm,58000,Hủ tiếu xào,691c9758cf4e1243c09d9959,available,-1,4.8,2025-11-19 13:41:46,2025-11-19 13:41:46,"['68ed207286da2ddcd588cc89', '68ed207586da2ddcd588ccda']","['68f449488dc8e5122e48a497', '68f449488dc8e5122e48a4a0']",['68ed20e51c787e2365e46eb0'],[]
691dc95393299794cf7f6414,Mì xào giòn hải sản,"Ngon, tươi và đậm đà",75000,Hủ tiếu xào,691c9758cf4e1243c09d9959,available,-1,4.3,2025-11-19 13:42:43,2025-11-19 13:42:43,"['68ed207286da2ddcd588cc92', '68ed207286da2ddcd588cc95']",['68f449468dc8e5122e48a464'],['68ed20e51c787e2365e46eb0'],[]
691dc97e93299794cf7f644c,Cơm thêm,Cơm không,15000,Thức ăn thêm,691c9758cf4e1243c09d9959,available,-1,4.4,2025-11-19 13:43:26,2025-11-19 13:43:26,['68ed207386da2ddcd588ccaa'],[],[],[]
691dc99f93299794cf7f647d,Heo quay thêm,Heo quay thêm,52000,Thức ăn thêm,691c9758cf4e1243c09d9959,available,-1,3.5,2025-11-19 13:43:59,2025-11-19 13:43:59,['68ed207286da2ddcd588cc8c'],[],['68ed20e61c787e2365e46ebc'],[]
691dca4493299794cf7f64f4,CƠM GÀ XỐI MỠ ĐÙI,Cơm gà chiên xối mỡ,100000,Cơm ,691c9604cf4e1243c09d993d,available,-1,5.0,2025-11-19 13:46:44,2025-11-19 13:46:44,"['68ed207286da2ddcd588cc86', '68ed207386da2ddcd588ccaa']","['68f449498dc8e5122e48a4af', '68f449488dc8e5122e48a497']","['68ed20e61c787e2365e46eb6', '68ed20e51c787e2365e46ea4']",[]
691dca6993299794cf7f652c,CƠM GÀ XỐI MỠ CÁNH,Cơm gà chiên xối mỡ,100000,Cơm ,691c9604cf4e1243c09d993d,available,-1,3.9,2025-11-19 13:47:21,2025-11-19 13:47:21,"['68ed207286da2ddcd588cc86', '68ed207386da2ddcd588ccaa']",['68f449498dc8e5122e48a4af'],"['68ed20e51c787e2365e46ea4', '68ed20e61c787e2365e46eb3', '68ed20e61c787e2365e46eb6']",[]
691dca9193299794cf7f6564,CƠM SƯỜN XỐI MỠ,Cơm sườn nướng xối mỡ,81000,Cơm ,691c9604cf4e1243c09d993d,available,-1,4.4,2025-11-19 13:48:02,2025-11-19 13:48:02,"['68ed207286da2ddcd588cc8c', '68ed207386da2ddcd588ccaa']",['68f449498dc8e5122e48a4af'],"['68ed20e51c787e2365e46ea4', '68ed20e61c787e2365e46eb6']",[]
691dcac993299794cf7f659b,CANH RONG BIỂN,Canh rong biển thơm ngon,64000,Canh,691c9604cf4e1243c09d993d,available,-1,5.0,2025-11-19 13:48:57,2025-11-19 13:48:57,[],['68f449498dc8e5122e48a4ac'],['68ed20e51c787e2365e46ea4'],[]
691dcaea93299794cf7f65ce,CANH CẢI NGỌT,Cảnh cải ngọt thơm ngon,50000,Canh,691c9604cf4e1243c09d993d,available,-1,4.7,2025-11-19 13:49:30,2025-11-19 13:49:30,[],['68f449498dc8e5122e48a4ac'],['68ed20e51c787e2365e46ea4'],[]
691dcb0c93299794cf7f6601,CANH RONG BIỂN CHAY,Dùng chay được,50000,Canh,691c9604cf4e1243c09d993d,available,-1,4.8,2025-11-19 13:50:04,2025-11-19 13:50:04,[],['68f449498dc8e5122e48a4ac'],['68ed20e51c787e2365e46ea4'],[]
691dcb3a93299794cf7f6633,Cơm thêm,,6999,Món thêm,691c9604cf4e1243c09d993d,available,-1,4.1,2025-11-19 13:50:50,2025-11-19 13:50:50,['68ed207386da2ddcd588ccaa'],[],[],[]
691dcb6993299794cf7f6665,CÁNH GÀ XỐI MỠ KHÔNG CƠM,Cánh gà không cơm,94000,Món thêm,691c9604cf4e1243c09d993d,available,-1,4.1,2025-11-19 13:51:37,2025-11-19 13:51:37,['68ed207286da2ddcd588cc86'],['68f449488dc8e5122e48a4a0'],['68ed20e61c787e2365e46eb6'],[]
691dcb8d93299794cf7f6699,ĐÙI GÀ XỐI MỠ KHÔNG CƠM,Đùi gà không cơm,94000,Món thêm,691c9604cf4e1243c09d993d,available,-1,4.3,2025-11-19 13:52:13,2025-11-19 13:52:13,['68ed207286da2ddcd588cc86'],['68f449488dc8e5122e48a4a0'],"['68ed20e61c787e2365e46eb3', '68ed20e61c787e2365e46eb6']",[]
691dcbbd93299794cf7f66d1,SƯỜN KHÔNG CƠM,Sườn heo không cơm,74998,Món thêm,691c9604cf4e1243c09d993d,available,-1,4.6,2025-11-19 13:53:01,2025-11-19 13:53:01,['68ed207286da2ddcd588cc8c'],[],['68ed20e61c787e2365e46eb3'],[]
691f080abb3ca277096acec3,Sake sashimi - 5pcs - cá hồi tươi sống,65g Salmon. Giá cá hồi tùy theo mùa. Seasonal price,109000,Sashimi,691decfb93299794cf7f6797,available,-1,4.9,2025-11-20 12:22:34,2025-11-20 12:22:34,['68ed207286da2ddcd588cc8f'],[],['68ed20e51c787e2365e46e9b'],['68ed20115913598c41da0df7']
691f0838bb3ca277096acefb,Komochi nishin - 5pcs - cá trích ép trứng,Cá trích ép trứng tươi ngon,95000,Sashimi,691decfb93299794cf7f6797,available,-1,3.7,2025-11-20 12:23:20,2025-11-20 12:23:20,['68ed207286da2ddcd588cc8f'],[],['68ed20e51c787e2365e46e9b'],['68ed20115913598c41da0df7']
691f0863bb3ca277096acf33,Hokkigai - sò đỏ,Sò đỏ nổi tiếng của Nhật Bản,85000,Sashimi,691decfb93299794cf7f6797,available,-1,4.7,2025-11-20 12:24:03,2025-11-20 12:24:03,['68ed207286da2ddcd588cc8f'],[],['68ed20e51c787e2365e46e9b'],['68ed20115913598c41da0df7']
691f08a3bb3ca277096acf6b,Sake toro - 5pcs - bụng cá hồi tươi sống,65g Belly Salmon. Giá cá hồi tùy theo mùa. Seasonal price,115000,Sashimi,691decfb93299794cf7f6797,available,-1,4.5,2025-11-20 12:25:07,2025-11-20 12:25:07,"['68ed207286da2ddcd588cc8f', '68ed207a86da2ddcd588cd74', '68ed207a86da2ddcd588cd5f']",[],['68ed20e51c787e2365e46e9b'],['68ed20115913598c41da0df7']
691f08d7bb3ca277096acfa2,Hotate - sò điệp,Sò điệp tươi sống,90000,Sashimi,691decfb93299794cf7f6797,available,-1,3.6,2025-11-20 12:25:59,2025-11-20 12:25:59,"['68ed207286da2ddcd588cc8f', '68ed207a86da2ddcd588cd74', '68ed207a86da2ddcd588cd5f']",[],['68ed20e51c787e2365e46e9b'],['68ed20115913598c41da0df7']
691f0915bb3ca277096acfdb,California Roll- Cuộn Trứng Cá Chuồn,"Omelette, avocado, crab stick, Roe, mayonaise ( Trứng, bơ trái, thanh cua, trứng cá, sốt mayonnaise)",71999,Rolls,691decfb93299794cf7f6797,available,-1,4.2,2025-11-20 12:27:01,2025-11-20 12:27:01,"['68ed207286da2ddcd588cc8f', '68ed207386da2ddcd588ccaa', '68ed207a86da2ddcd588cd5f']",[],['68ed20e51c787e2365e46e9b'],['68ed20115913598c41da0df7']
691f094fbb3ca277096ad00e,Salmon Roll - Cuộn Cá Hồi Sống,"Omelette, avocado, crab stick, Salmon ( Trứng, bơ trái, thanh cua, trứng cá, đắp cá hồi)",85000,Rolls,691decfb93299794cf7f6797,available,-1,4.7,2025-11-20 12:27:59,2025-11-20 12:27:59,"['68ed207286da2ddcd588cc8f', '68ed207386da2ddcd588ccaa', '68ed207a86da2ddcd588cd5f']",[],['68ed20e51c787e2365e46e9b'],['68ed20115913598c41da0df7']
691f099fbb3ca277096ad047,Sake Negi Tempura - Cuộn Cá Hồi Chiên Tempura,Cuộn cá hôi tươi ngon được chiên giòn,50000,Rolls,691decfb93299794cf7f6797,available,-1,4.2,2025-11-20 12:29:19,2025-11-20 12:29:19,"['68ed207a86da2ddcd588cd5f', '68ed207a86da2ddcd588cd74', '68ed207286da2ddcd588cc8f', '68ed207386da2ddcd588ccaa']",[],[],['68ed20115913598c41da0df7']
691f09dbbb3ca277096ad07a,Unagi temaki - lươn nhật,Lươn tươi ngon và rong biển,45000,Temaki,691decfb93299794cf7f6797,available,-1,3.7,2025-11-20 12:30:19,2025-11-20 12:30:19,"['68ed207386da2ddcd588ccaa', '68ed207a86da2ddcd588cd5f']",[],"['68ed20e61c787e2365e46eb6', '68ed20e51c787e2365e46e9b']",['68ed20115913598c41da0df7']
691f0a0ebb3ca277096ad0ae,Spicy tuna temaki - cá ngừ sốt cay,Cá ngừ thơm ngon,45000,Temaki,691decfb93299794cf7f6797,available,-1,4.4,2025-11-20 12:31:10,2025-11-20 12:31:10,"['68ed207286da2ddcd588cc8f', '68ed207386da2ddcd588ccaa', '68ed207a86da2ddcd588cd5f', '68ed207a86da2ddcd588cd74']",['68f449468dc8e5122e48a464'],['68ed20e51c787e2365e46e9b'],['68ed20115913598c41da0df7']
691f0c6dbb3ca277096ad16b,Cơm chay thập Cẩm,Rau và nhiều món chay khác nhau thay đổi theo hàng ngày,31998,CƠM CHAY THẬP CẨM,691f0ac1bb3ca277096ad0df,available,-1,4.8,2025-11-20 12:41:17,2025-11-20 12:41:17,"['68ed207386da2ddcd588ccaa', '68ed207486da2ddcd588ccd4', '68ed207586da2ddcd588ccd7', '68ed207586da2ddcd588cce9']",['68f449488dc8e5122e48a4a0'],"['68ed20e51c787e2365e46ea4', '68ed20e61c787e2365e46ebc']",['68ed20115913598c41da0dee']
691f0ca5bb3ca277096ad208,Cơm chay thập Cẩm,Rau và các loại món ăn thuần chay,35000,CƠM CHAY THẬP CẨM,691f0ac1bb3ca277096ad0df,available,-1,4.7,2025-11-20 12:42:13,2025-11-20 12:42:13,"['68ed207386da2ddcd588ccaa', '68ed207586da2ddcd588ccda', '68ed207586da2ddcd588cce9', '68ed207586da2ddcd588ccdd', '68ed207586da2ddcd588cce0']",['68f449488dc8e5122e48a497'],['68ed20e51c787e2365e46ea4'],['68ed20115913598c41da0dee']
691f0ccfbb3ca277096ad240,Cơm nấm rơm kho thập Cẩm,Rau các loại và nấm rơm,35000,CƠM CHAY THẬP CẨM,691f0ac1bb3ca277096ad0df,available,-1,3.8,2025-11-20 12:42:55,2025-11-20 12:42:55,"['68ed207386da2ddcd588ccaa', '68ed207586da2ddcd588cce9']",['68f449488dc8e5122e48a4a0'],"['68ed20e51c787e2365e46ea4', '68ed20e61c787e2365e46ec2']",['68ed20115913598c41da0dee']
691f0cfbbb3ca277096ad279,Cơm đậu hũ muối sả ớt,Rau và đậu hũ muối sả ớt,32000,CƠM CHAY THẬP CẨM,691f0ac1bb3ca277096ad0df,available,-1,4.7,2025-11-20 12:43:39,2025-11-20 12:43:39,"['68ed207386da2ddcd588ccaa', '68ed207586da2ddcd588cce9', '68ed207586da2ddcd588ccec', '68ed207586da2ddcd588ccef', '68ed207986da2ddcd588cd41', '68ed207886da2ddcd588cd3e']",['68f449478dc8e5122e48a476'],"['68ed20e51c787e2365e46ea7', '68ed20e51c787e2365e46eaa']",['68ed20115913598c41da0dee']
691f0d38bb3ca277096ad2b2,Cơm đậu hũ muối sả ớt,Rau và đậu hũ muối sả ớt,32000,CƠM CHAY THẬP CẨM,691f0ac1bb3ca277096ad0df,available,-1,4.0,2025-11-20 12:44:40,2025-11-20 12:44:40,"['68ed207386da2ddcd588ccaa', '68ed207586da2ddcd588cce9', '68ed207a86da2ddcd588cd5f']",[],[],['68ed20115913598c41da0dee']
691f0d85bb3ca277096ad2e9,Bún Thái chay,Món ăn mới của cửa hàng,35000,MÓN BÚN NƯỚC CHAY NGON,691f0ac1bb3ca277096ad0df,available,-1,4.9,2025-11-20 12:45:57,2025-11-20 12:45:57,"['68ed207586da2ddcd588ccda', '68ed207586da2ddcd588ccdd', '68ed207a86da2ddcd588cd5f']",[],"['68ed20e51c787e2365e46ea4', '68ed20e51c787e2365e46ead']",['68ed20115913598c41da0dee']
691f0db7bb3ca277096ad321,Bún Huế Chay,Món ăn truyền thống,35000,MÓN BÚN NƯỚC CHAY NGON,691f0ac1bb3ca277096ad0df,available,-1,4.4,2025-11-20 12:46:47,2025-11-20 12:46:47,"['68ed207586da2ddcd588cce9', '68ed207a86da2ddcd588cd5f', '68ed207386da2ddcd588ccad']",[],[],[]
691f0ddcbb3ca277096ad357,Hủ tiếu chay,Món ăn truyền thống,34999,MÓN BÚN NƯỚC CHAY NGON,691f0ac1bb3ca277096ad0df,available,-1,5.0,2025-11-20 12:47:24,2025-11-20 12:47:24,"['68ed207386da2ddcd588ccad', '68ed207586da2ddcd588cce9']",[],['68ed20e51c787e2365e46eaa'],['68ed20115913598c41da0dee']
691f0e0ebb3ca277096ad38f,MIẾN XÀO THẬP CẨM CHAY,Các loại rau và chả nấm hương nấm đùi gà đậu hũ chiên,35000,MÓN XÀO NÓNG HỔI CHAY NGON,691f0ac1bb3ca277096ad0df,available,-1,4.9,2025-11-20 12:48:14,2025-11-20 12:48:14,"['68ed207386da2ddcd588ccad', '68ed207586da2ddcd588cce9', '68ed207a86da2ddcd588cd5f']",['68f449488dc8e5122e48a4a0'],['68ed20e51c787e2365e46eb0'],['68ed20115913598c41da0dee']
691f0e30bb3ca277096ad3c7,MÌ XÀO GIÒN CHAY,Món ăn kiểu mới,34999,MÓN XÀO NÓNG HỔI CHAY NGON,691f0ac1bb3ca277096ad0df,available,-1,4.6,2025-11-20 12:48:48,2025-11-20 12:48:48,"['68ed207586da2ddcd588cce9', '68ed207586da2ddcd588cce0', '68ed207386da2ddcd588ccad']",[],"['68ed20e61c787e2365e46eb6', '68ed20e51c787e2365e46eb0']",['68ed20115913598c41da0dee']
691f1355bb3ca277096ad474,ENTREMET CAKE (18CM),"Nhân vani, socola trắng, việt quất",538000,BÁNH ENTREMET,691f12cebb3ca277096ad40c,available,-1,4.0,2025-11-20 13:10:45,2025-11-20 13:10:45,['68ed207786da2ddcd588cd13'],"['68f449478dc8e5122e48a47c', '68f449498dc8e5122e48a4af']",['68ed20e61c787e2365e46ebf'],[]
691f1574bb3ca277096ad4aa,BÁNH ENTREMET TRÁI TIM (14CM),Nhân việt quất & socola đen,299000,BÁNH ENTREMET,691f12cebb3ca277096ad40c,available,-1,4.3,2025-11-20 13:19:48,2025-11-20 13:19:48,[],"['68f449498dc8e5122e48a4ac', '68f449478dc8e5122e48a476']",['68ed20e61c787e2365e46ebf'],[]
691f15a2bb3ca277096ad4d7,MOUSSE MATCHA (14CM),Bánh mới cửa tiệm,329000,BÁNH ENTREMET,691f12cebb3ca277096ad40c,available,-1,4.8,2025-11-20 13:20:34,2025-11-20 13:20:34,[],['68f449478dc8e5122e48a476'],['68ed20e61c787e2365e46ebf'],[]
691f15d0bb3ca277096ad504,BÁNH BLACK FOREST (14CM),Cốt socola nhân việt quất,299000,BÁNH BLACK FOREST,691f12cebb3ca277096ad40c,available,-1,4.8,2025-11-20 13:21:20,2025-11-20 13:21:20,[],['68f449478dc8e5122e48a476'],['68ed20e61c787e2365e46ebf'],[]
691f15edbb3ca277096ad530,BÁNH BLACK FOREST (16CM),Cốt socola nhân việt quất,359000,BÁNH BLACK FOREST,691f12cebb3ca277096ad40c,available,-1,4.2,2025-11-20 13:21:49,2025-11-20 13:21:49,[],['68f449478dc8e5122e48a479'],['68ed20e61c787e2365e46ebf'],[]
691f1611bb3ca277096ad55d,BÁNH PHÔ MAI CHÁY VỊ VANI (12CM),bánh cao 4-5cm như mẫu nha khách yêu ơi. khách yêu muốn đặt bánh size to hơn thì đặt đơn trước và note lại để tiệm chuẩn bị và liên hệ nhen,239000,PHÔ MAI CHÁY (BASQUE BURNT CHESSECAKE),691f12cebb3ca277096ad40c,available,-1,4.5,2025-11-20 13:22:25,2025-11-20 13:22:25,[],['68f449478dc8e5122e48a479'],['68ed20e61c787e2365e46ebf'],[]
691f1637bb3ca277096ad58a,BÁNH PHÔ MAI CHÁY VỊ MATCHA (12CM),bánh cao 4-5cm như mẫu nha khách yêu ơi. khách yêu muốn đặt bánh size to hơn thì đặt đơn trước và note lại để tiệm chuẩn bị và liên hệ nhen,278998,PHÔ MAI CHÁY (BASQUE BURNT CHESSECAKE),691f12cebb3ca277096ad40c,available,-1,4.3,2025-11-20 13:23:03,2025-11-20 13:23:03,[],"['68f449498dc8e5122e48a4b2', '68f449478dc8e5122e48a479']",['68ed20e61c787e2365e46ebf'],[]
691f1669bb3ca277096ad5b6,BÁNH KEM MINI 10CM (mẫu random tại tiệm nhé khách iu),Bánh random có sẵn tại tiệm.khách iu yên tâm mẫu nào cũng xinh iu ạ,139000,BÁNH KEM - BÁNH SINH NHẬT,691f12cebb3ca277096ad40c,available,-1,4.3,2025-11-20 13:23:53,2025-11-20 13:23:53,[],"['68f449478dc8e5122e48a479', '68f449478dc8e5122e48a47c']",['68ed20e61c787e2365e46ebf'],[]
691f168fbb3ca277096ad5e3,BÁNH KEM HOA TULIP SIÊU XINH,Bánh mới của tiệm,239000,BÁNH KEM - BÁNH SINH NHẬT,691f12cebb3ca277096ad40c,available,-1,4.5,2025-11-20 13:24:31,2025-11-20 13:24:31,[],"['68f449478dc8e5122e48a476', '68f449478dc8e5122e48a479']",['68ed20e61c787e2365e46ebf'],[]
691f16c1bb3ca277096ad610,SET 9 CUP VUÔNG BÁNH MOUSSE MIX VỊ,Set 9 bánh khác vị,239000,BÁNH KEM - BÁNH SINH NHẬT,691f12cebb3ca277096ad40c,available,-1,3.8,2025-11-20 13:25:21,2025-11-20 13:25:21,[],"['68f449478dc8e5122e48a476', '68f449478dc8e5122e48a479']",['68ed20e61c787e2365e46ebf'],[]
69217acaab66cb60505bf2d8,Gà rán,"Hãy tưởng tượng âm thanh giòn rụm đầy mê hoặc tan chảy trong khoang miệng ngay từ miếng đầu tiên, đánh thức mọi giác quan bằng vị ngon đậm đà, khó cưỡng. Mỗi khoảnh khắc thưởng thức là một trải nghiệm bùng nổ, đưa bạn vào hành trình vị giác đầy phấn khích, nơi kết cấu hoàn hảo hòa quyện cùng hương vị khó quên, để lại dư vị lưu luyến mãi không thôi.",10000,Gà ,691b2a643352e0c4379205df,available,-1,4.6,2025-11-22 08:56:42,2025-11-22 08:56:42,['68ed207286da2ddcd588cc86'],['68f449488dc8e5122e48a4a0'],[],[]
692704444b0d6c5e49550db5,Pizza Tôm & Bò Xốt Parmesan - Parmesan Surf & Turf,"Xốt Mayonnaise, Xốt Phô Mai Parmesan Bơ Tỏi, Hành Tây, Cà Chua, Tôm Cỡ Đại, Bò Xé Mexican, Phô Mai Mozzarella, Lá Mùi Tây",225000,SIÊU TOPPINGS,68ce8fd7d89d33e016701b94,available,-1,3.6,2025-11-26 13:44:36,2025-11-26 13:46:03,"['68ed207286da2ddcd588cc92', '68ed207786da2ddcd588cd16']",['68f449478dc8e5122e48a479'],['68ed20e61c787e2365e46eb9'],['68ed20125913598c41da0e0f']
692704f64b0d6c5e49550e91,Pizza Tôm Xốt Parmesan Siêu Topping - Super Topping Parmesan Shrimp,"Tăng 50% lượng topping protein: Tôm Cỡ Đại; Thêm Xốt Mayonnaise, Xốt Phô Mai Parmesan Bơ Tỏi, Hành Tây, Cà Chua, Phô Mai Mozzarella, Lá Mùi Tây",225000,SIÊU TOPPINGS,68ce8fd7d89d33e016701b94,available,-1,4.5,2025-11-26 13:47:34,2025-11-26 13:47:34,"['68ed207286da2ddcd588cc92', '68ed207786da2ddcd588cd0d', '68ed207786da2ddcd588cd16', '68ed207486da2ddcd588ccc8']","['68f449468dc8e5122e48a464', '68f449468dc8e5122e48a461']",['68ed20e61c787e2365e46eb9'],['68ed20125913598c41da0e0f']
692705584b0d6c5e49550ecd,Pizza Bơ Gơ Bò Mỹ Xốt Phô Mai - Bacon Cheeseburger,"Thịt Bò Bơ Gơ Nhập Khẩu, Thịt Heo Xông Khói, Xốt Phô Mai, Xốt Mayonnaise, Phô Mai Mozzarella, Phô Mai Cheddar, Cà Chua, Hành Tây, Nấm",225000,SIÊU TOPPINGS,68ce8fd7d89d33e016701b94,available,-1,3.8,2025-11-26 13:49:12,2025-11-26 13:49:12,"['68ed207286da2ddcd588cc89', '68ed207486da2ddcd588cccb', '68ed207486da2ddcd588ccce', '68ed207586da2ddcd588cce9', '68ed207586da2ddcd588cce6', '68ed207486da2ddcd588ccc8', '68ed207786da2ddcd588cd16']",[],['68ed20e61c787e2365e46eb9'],['68ed20125913598c41da0e0f']
692705aa4b0d6c5e49550f06,Pizza Hải Sản Xốt Pesto Kem Chanh - Seafood Lime Pesto,"Mưc Khoanh, Tôm Có Đuôi, Phô Mai Mozzarella, Cà Chua, Hành Tây, Xốt Pesto, Xốt Chanh, Parsley",300000,SIÊU TOPPINGS,68ce8fd7d89d33e016701b94,available,-1,4.7,2025-11-26 13:50:34,2025-11-26 13:50:34,"['68ed207286da2ddcd588cc92', '68ed207486da2ddcd588ccc8', '68ed207786da2ddcd588cd16']",['68f449468dc8e5122e48a464'],['68ed20e61c787e2365e46eb9'],['68ed20125913598c41da0e0f']
692705f54b0d6c5e49550f41,Pizza Siêu Topping Dăm Bông Dứa Kiểu Hawaiian - Super Topping Hawaiian,"Tăng 50% lượng topping protein: Thịt Dăm Bông; Thêm Phô Mai Mozzarella, Dứa, Xốt Mayonnaise, Xốt Cà Chua",205000,SIÊU TOPPINGS,68ce8fd7d89d33e016701b94,available,-1,4.7,2025-11-26 13:51:49,2025-11-26 13:51:49,"['68ed207486da2ddcd588ccc8', '68ed207786da2ddcd588cd16', '68ed207686da2ddcd588ccfe']",['68f449468dc8e5122e48a461'],['68ed20e61c787e2365e46eb9'],['68ed20125913598c41da0e0f']
692706734b0d6c5e49550f9b,Pizza Dăm Bông Bắp Xốt Phô Mai - Cheesy Ham & Corn,"Xốt Phô Mai, Phô Mai Mozzarella, Thịt Dăm Bông, Thịt Xông Khói, Bắp",200000,LỰA CHỌN CHO BÉ,68ce8fd7d89d33e016701b94,available,-1,3.7,2025-11-26 13:53:55,2025-11-26 13:53:55,"['68ed207486da2ddcd588ccc8', '68ed207786da2ddcd588cd16', '68ed207486da2ddcd588ccbc']",['68f449468dc8e5122e48a461'],['68ed20e61c787e2365e46eb9'],['68ed20125913598c41da0e0f']
692706f74b0d6c5e49550fd8,Pizza Xúc Xích Xốt Phô Mai - Sausage Kid Mania,"Xốt phô mai, Phô mai Mozzarella, Xúc Xích, Thịt Heo Xông Khói, Bắp (Ngô), Thơm (Dứa)",175,LỰA CHỌN CHO BÉ,68ce8fd7d89d33e016701b94,available,-1,4.8,2025-11-26 13:56:07,2025-11-26 13:56:07,['68ed207486da2ddcd588ccc8'],['68f449468dc8e5122e48a461'],['68ed20e61c787e2365e46eb9'],['68ed20125913598c41da0e0f']
6927072e4b0d6c5e49551011,Chanh Dây Hạt Chia 350ml - Fuzetea Chia Seed Passion Fruit 350ml Bottle,Nước ngọt,14998,Nước,68ce8fd7d89d33e016701b94,available,-1,3.8,2025-11-26 13:57:02,2025-11-26 13:57:02,[],['68f449478dc8e5122e48a479'],[],[]
69270b764b0d6c5e495512af,Tinh Hoa Kim Sa,"Set bánh Tinh Hoa Kim Sa mang thông điệp về một tương lai thịnh vượng, hạnh phúc và đầy phát triển. Thiết kế sử dụng công nghệ in chìm hiện đại tạo hiệu ứng nổi bật, sang trọng và ấn tượng. Hộp gồm 8 bánh Lava (5 bánh Kim Sa, 3 bánh Socola Lava), thích hợp làm quà tặng cao cấp cho doanh nghiệp, đối tác hoặc người thân trong dịp Trung thu. Tặng kèm dao bạc trơn, thiệp và túi giấy lịch sự.",837997,Bánh Trung Thu,68dbedd99b4619555f222e11,available,-1,4.4,2025-11-26 14:15:18,2025-11-26 14:15:18,"['68ed207286da2ddcd588cc9e', '68ed207786da2ddcd588cd0d', '68ed207786da2ddcd588cd13', '68ed207c86da2ddcd588cda4']",['68f449478dc8e5122e48a479'],"['68ed20e61c787e2365e46eb9', '68ed20e61c787e2365e46ebf']",['68ed20115913598c41da0dee']
69270bc04b0d6c5e495512de,Mè Đen Lava,Bánh Trung Thu Nhân Mè Đen Lava. Hộp 4 cái,208000,Bánh Trung Thu,68dbedd99b4619555f222e11,available,-1,4.4,2025-11-26 14:16:32,2025-11-26 14:16:32,"['68ed207886da2ddcd588cd3b', '68ed207786da2ddcd588cd13', '68ed207c86da2ddcd588cda4']",['68f449478dc8e5122e48a479'],['68ed20e61c787e2365e46ebf'],['68ed20115913598c41da0dee']
69270c454b0d6c5e4955130e,Thanh Long Phô Mai Kem Hạnh Nhân,"Chiếc bánh chinh phục khách hàng trước hết bởi vẻ ngoài nổi bật từ màu sắc của trái thanh long, sau đó tới vỏ bánh ngọt vừa phải hòa quyện cùng lớp phô mai kem thơm béo có xuất xứ từ California (Mỹ). “Cú bắt tay” giữa Thanh Long – nông sản Việt tuyển chọn và Phô Mai Kem – nguyên liệu ngoại nhập thượng hạng không chỉ mang lại sự hấp dẫn, ngon miệng mà còn góp phần nâng bản sắc Việt lên tầm quốc tế.",161000,Bánh Trung Thu,68dbedd99b4619555f222e11,available,-1,4.6,2025-11-26 14:18:45,2025-11-26 14:18:45,"['68ed207786da2ddcd588cd13', '68ed207786da2ddcd588cd16', '68ed207c86da2ddcd588cda4']","['68f449478dc8e5122e48a479', '68f449498dc8e5122e48a4af']",['68ed20e61c787e2365e46ebf'],['68ed20115913598c41da0dee']
69270ca74b0d6c5e4955133e,Thập Cẩm Phật Nhảy Tường,"Ôm trọn tinh túy từ các nguyên liệu thượng hạng, hòa quyện tuyệt đối giữa vị ngọt đặc trưng từ bào ngư, sò điệp cùng các thành phần truyền thống cấu tạo nên chiếc bánh thập cẩm quen thuộc – Phật Nhảy Tường tự hào đóng góp mỹ vị nhân gian cho bàn tiệc đêm trăng năm nay.",309000,Bánh Trung Thu,68dbedd99b4619555f222e11,available,-1,4.2,2025-11-26 14:20:23,2025-11-26 14:20:23,"['68ed207c86da2ddcd588cda4', '68ed207886da2ddcd588cd32', '68ed207886da2ddcd588cd3b', '68ed207786da2ddcd588cd13']","['68f449478dc8e5122e48a476', '68f449488dc8e5122e48a494']",['68ed20e61c787e2365e46ebf'],"['68ed20115913598c41da0dee', '68ed20115913598c41da0df4']"
69270d064b0d6c5e4955136d,Bánh bông lan chuối,Bánh bông lan chuối nướng,28000,Các Loại Bánh Khác,68dbedd99b4619555f222e11,available,-1,3.7,2025-11-26 14:21:58,2025-11-26 14:21:58,"['68ed207786da2ddcd588cd16', '68ed207786da2ddcd588cd13', '68ed207686da2ddcd588ccf5']",['68f449478dc8e5122e48a479'],['68ed20e61c787e2365e46eb9'],['68ed20115913598c41da0dee']
69270d594b0d6c5e4955139d,Croissant 2 màu,"Croissant 2 màu, có thêm socola",19000,Các Loại Bánh Khác,68dbedd99b4619555f222e11,available,-1,3.6,2025-11-26 14:23:21,2025-11-26 14:23:21,"['68ed207c86da2ddcd588cda1', '68ed207c86da2ddcd588cda4', '68ed207886da2ddcd588cd3b']",['68f449478dc8e5122e48a476'],['68ed20e61c787e2365e46eb9'],['68ed20135913598c41da0e12']
69270db04b0d6c5e495513cc,Bánh kem,Bánh kem lá dứa,18000,Các Loại Bánh Khác,68dbedd99b4619555f222e11,available,-1,3.9,2025-11-26 14:24:48,2025-11-26 14:24:48,['68ed207786da2ddcd588cd13'],['68f449478dc8e5122e48a479'],['68ed20e61c787e2365e46ebf'],[]
69270df94b0d6c5e495513fb,Bánh mì dừa lưới,Bánh mì và dừa nướng,11999,Các Loại Bánh Khác,68dbedd99b4619555f222e11,available,-1,3.6,2025-11-26 14:26:01,2025-11-26 14:26:01,"['68ed207786da2ddcd588cd20', '68ed207786da2ddcd588cd13']",['68f449478dc8e5122e48a476'],['68ed20e61c787e2365e46eb9'],[]
69270e414b0d6c5e49551429,Khúc cây Socola,Bánh nướng mang cảm hứng từ Giáng sinh,300000,Noel,68dbedd99b4619555f222e11,available,-1,4.9,2025-11-26 14:27:13,2025-11-26 14:27:13,"['68ed207286da2ddcd588cc9e', '68ed207786da2ddcd588cd13']",['68f449478dc8e5122e48a479'],['68ed20e61c787e2365e46eb9'],[]
69270e744b0d6c5e49551457,Snowman Cookie,12 cái trong 1 túi,52000,Noel,68dbedd99b4619555f222e11,available,-1,4.3,2025-11-26 14:28:04,2025-11-26 14:28:04,['68ed207786da2ddcd588cd13'],['68f449478dc8e5122e48a47c'],['68ed20e61c787e2365e46eb9'],[]
692716894b0d6c5e49551600,Cold Brew Truyền Thống,"Tại The Coffee House, Cold Brew được ủ và phục vụ mỗi ngày từ 100% hạt Arabica Cầu Đất với hương gỗ thông, hạt dẻ, nốt sô-cô-la đặc trưng, thoang thoảng hương khói nhẹ giúp Cold Brew giữ nguyên vị tươi mới.",45000,Cà Phê,68e08a5d6bd4ad51ae559e01,available,-1,4.9,2025-11-26 15:02:33,2025-11-26 15:02:33,[],"['68f449488dc8e5122e48a4a6', '68f449498dc8e5122e48a4b5']",[],[]
692716be4b0d6c5e4955162c,Cappuccino Nóng,"Capuchino là thức uống hòa quyện giữa hương thơm của sữa, vị béo của bọt kem cùng vị đậm đà từ cà phê Espresso. Tất cả tạo nên một hương vị đặc biệt, một chút nhẹ nhàng, trầm lắng và tinh tế.",55000,Cà Phê,68e08a5d6bd4ad51ae559e01,available,-1,4.7,2025-11-26 15:03:26,2025-11-26 15:03:26,['68ed207786da2ddcd588cd13'],"['68f449478dc8e5122e48a482', '68f449478dc8e5122e48a479']",[],[]
692716e64b0d6c5e49551659,Caramel Macchiato Nóng,"Caramel Macchiato sẽ mang đến một sự ngạc nhiên thú vị khi vị thơm béo của bọt sữa, sữa tươi, vị đắng thanh thoát của cà phê Espresso hảo hạng và vị ngọt đậm của sốt caramel được gói gọn trong một tách cà phê.",69000,Cà Phê,68e08a5d6bd4ad51ae559e01,available,-1,3.7,2025-11-26 15:04:06,2025-11-26 15:04:06,['68ed207786da2ddcd588cd13'],['68f449478dc8e5122e48a47c'],[],[]
692717134b0d6c5e49551685,A-Mê Yuzu,"Mê tít với Americano từ 100% Arabica kết hợp cùng Thanh Yên chua dịu, sảng khoái tức thì. *Khuấy đều để thưởng thức trọn vị",49000,Cà Phê,68e08a5d6bd4ad51ae559e01,available,-1,4.2,2025-11-26 15:04:51,2025-11-26 15:04:51,[],"['68f449478dc8e5122e48a482', '68f449488dc8e5122e48a4a6']",[],[]
6927173b4b0d6c5e495516b1,A-Mê Tuyết Quất,"Đá tuyết Quất thơm mát, kết hợp cùng Americano đắng nhẹ. Uống là mê! *Khuấy đều để thưởng thức trọn vị",59000,Cà Phê,68e08a5d6bd4ad51ae559e01,available,-1,4.0,2025-11-26 15:05:31,2025-11-26 15:05:31,[],['68f449498dc8e5122e48a4a9'],[],[]
6927176e4b0d6c5e495516dd,Trà Đào Cam Sả - Đá,"Vị thanh ngọt của đào, vị chua dịu của Cam Vàng nguyên vỏ, vị chát của trà đen tươi được ủ mới mỗi 4 tiếng, cùng hương thơm nồng đặc trưng của sả chính là điểm sáng làm nên sức hấp dẫn của thức uống này.",49000,Trà,68e08a5d6bd4ad51ae559e01,available,-1,4.1,2025-11-26 15:06:22,2025-11-26 15:06:22,['68ed207686da2ddcd588cd01'],"['68f449498dc8e5122e48a4b5', '68f449478dc8e5122e48a476', '68f449478dc8e5122e48a479']",[],[]
692717984b0d6c5e4955170a,Hồng Trà Sữa Trân Châu,"Thêm chút ngọt ngào cho ngày mới với hồng trà nguyên lá, sữa thơm ngậy được cân chỉnh với tỉ lệ hoàn hảo, cùng trân châu trắng dai giòn có sẵn để bạn tận hưởng từng ngụm trà sữa ngọt ngào thơm ngậy thiệt đã.",54999,Trà,68e08a5d6bd4ad51ae559e01,available,-1,4.3,2025-11-26 15:07:04,2025-11-26 15:07:04,[],"['68f449478dc8e5122e48a479', '68f449478dc8e5122e48a47c']",[],[]
692717ca4b0d6c5e49551735,Floaty Matcha Latte,Món mới,65000,LATTE & FRAPPE,68e08a5d6bd4ad51ae559e01,available,-1,4.6,2025-11-26 15:07:54,2025-11-26 15:07:54,['68ed207786da2ddcd588cd13'],"['68f449498dc8e5122e48a4a9', '68f449478dc8e5122e48a476']",[],[]
692718004b0d6c5e49551762,Frappe Chocochip,"Frappe Choco Chip, thử là đã! Lớp whipping cream bồng bềnh, beo béo lại có thêm bột sô cô la và sô cô la chip trên cùng. Gấp đôi vị ngon với sô cô la thật xay với đá sánh mịn, đậm đà đến tận ngụm cuối cùng.",64999,LATTE & FRAPPE,68e08a5d6bd4ad51ae559e01,available,-1,3.5,2025-11-26 15:08:48,2025-11-26 15:08:48,"['68ed207786da2ddcd588cd13', '68ed207786da2ddcd588cd1d']","['68f449488dc8e5122e48a4a0', '68f449478dc8e5122e48a479']",[],[]
6927182f4b0d6c5e4955178f,Latte Bạc Xỉu,"Latte Bạc Xỉu là sự kết hợp giữa Espresso, sữa tươi béo ngậy và cà phê phin đậm đà, tạo ra một hương vị vừa ngọt nhẹ, vừa đậm đà, dễ uống và mát lạnh.",49000,LATTE & FRAPPE,68e08a5d6bd4ad51ae559e01,available,-1,3.6,2025-11-26 15:09:35,2025-11-26 15:09:35,"['68ed207786da2ddcd588cd1d', '68ed207786da2ddcd588cd13']",['68f449478dc8e5122e48a476'],[],[]
692852bbd32201d7c415f331,BÁNH BANANA COCONUT DANISH,Bánh ngon từ chuối,30000,New Collection,68e65693bdd8f3e7eb455481,available,-1,3.9,2025-11-27 13:31:39,2025-11-27 13:31:39,"['68ed207c86da2ddcd588cda1', '68ed207c86da2ddcd588cda4', '68ed207c86da2ddcd588cda7', '68ed207786da2ddcd588cd13', '68ed207786da2ddcd588cd16', '68ed207686da2ddcd588ccf5']",['68f449478dc8e5122e48a476'],['68ed20e61c787e2365e46ebf'],[]
69285360d32201d7c415f361,BÁNH CHIÊN NHÂN THỊT HEO XÉ SỢI,Bánh thịt heo chiên,30000,New Collection,68e65693bdd8f3e7eb455481,available,-1,3.9,2025-11-27 13:34:24,2025-11-27 13:34:24,"['68ed207286da2ddcd588cc8c', '68ed207886da2ddcd588cd35', '68ed207886da2ddcd588cd3b', '68ed207786da2ddcd588cd13', '68ed207c86da2ddcd588cda4']",['68f449498dc8e5122e48a4af'],['68ed20e61c787e2365e46eb3'],[]
692853c7d32201d7c415f390,Rau Câu Hộp Vuông Vị Lá Dứa,Bánh rau câu kiểu mới,29000,New Collection,68e65693bdd8f3e7eb455481,available,-1,4.1,2025-11-27 13:36:07,2025-11-27 13:36:07,['68ed207c86da2ddcd588cda7'],['68f449478dc8e5122e48a479'],[],[]
692853fed32201d7c415f3bd,Ham Cheese Croissant,Bánh nướng phô mai,20000,Tea Break,68e65693bdd8f3e7eb455481,available,-1,3.9,2025-11-27 13:37:02,2025-11-27 13:38:33,"['68ed207786da2ddcd588cd16', '68ed207286da2ddcd588cc8c', '68ed207c86da2ddcd588cda1', '68ed207c86da2ddcd588cda4', '68ed207c86da2ddcd588cda7']",[],['68ed20e61c787e2365e46eb6'],[]
6928543bd32201d7c415f3ea,Flan,Bánh Flan truyền thống,17999,Tea Break,68e65693bdd8f3e7eb455481,available,-1,4.8,2025-11-27 13:38:03,2025-11-27 13:38:03,"['68ed207286da2ddcd588cc9e', '68ed207786da2ddcd588cd13']",['68f449478dc8e5122e48a479'],[],[]
6928548ed32201d7c415f450,Duo Chocolate,Sô cô la đen và trắng,30000,Tea Break,68e65693bdd8f3e7eb455481,available,-1,4.8,2025-11-27 13:39:26,2025-11-27 13:39:26,"['68ed207786da2ddcd588cd13', '68ed207286da2ddcd588cc9e']","['68f449478dc8e5122e48a482', '68f449478dc8e5122e48a476']",[],[]
692854d0d32201d7c415f47d,Tart Trứng,Bánh trứng nướng,7998,Tea Break,68e65693bdd8f3e7eb455481,available,-1,5.0,2025-11-27 13:40:32,2025-11-27 13:40:32,['68ed207286da2ddcd588cc9e'],[],['68ed20e61c787e2365e46eb9'],[]
69285516d32201d7c415f4aa,Cheese Danish,Bánh phô mai trái cây nướng,30000,Tea Break,68e65693bdd8f3e7eb455481,available,-1,4.9,2025-11-27 13:41:42,2025-11-27 13:41:42,"['68ed207786da2ddcd588cd16', '68ed207686da2ddcd588ccf8', '68ed207686da2ddcd588cd0a', '68ed207c86da2ddcd588cda4']",['68f449478dc8e5122e48a479'],['68ed20e61c787e2365e46eb9'],['68ed20135913598c41da0e12']
69285560d32201d7c415f4d9,MINI-030,Mang chủ để Halloween,89999,Gateaux,68e65693bdd8f3e7eb455481,available,-1,4.4,2025-11-27 13:42:56,2025-11-27 13:42:56,"['68ed207786da2ddcd588cd16', '68ed207786da2ddcd588cd13', '68ed207286da2ddcd588cc9e']",['68f449478dc8e5122e48a47c'],['68ed20e61c787e2365e46ebf'],[]
692855a9d32201d7c415f508,Cola Bar Dâu,Bánh bông lan,68999,Gateaux,68e65693bdd8f3e7eb455481,available,-1,4.3,2025-11-27 13:44:09,2025-11-27 13:44:09,"['68ed207686da2ddcd588cd0a', '68ed207286da2ddcd588cc9e', '68ed207786da2ddcd588cd13', '68ed207c86da2ddcd588cda4']",['68f449478dc8e5122e48a479'],[],[]
692857f9d32201d7c415f697,Matcha Latte,"Matcha Latte là thức uống kết hợp giữa bột trà xanh matcha đậm vị, hơi chát nhẹ, hòa với sữa tươi béo mịn tạo nên vị thanh, thơm, ngọt dịu. Thường có lớp bọt sữa mỏng bên trên, uống mát hoặc nóng đều ngon.",35000,Matcha,68e65bab75385a2dc12a500b,available,-1,4.9,2025-11-27 13:54:01,2025-11-27 13:54:01,['68ed207786da2ddcd588cd13'],"['68f449478dc8e5122e48a482', '68f449498dc8e5122e48a4ac', '68f449498dc8e5122e48a4b2']",[],['68ed20115913598c41da0df7']
69285824d32201d7c415f6c4,Matcha Phúc Bồn Tử,"Matcha Phúc Bồn Tử là sự kết hợp giữa vị matcha đậm, hơi chát nhẹ và phúc bồn tử chua ngọt thanh, tạo cảm giác tươi mát hơn so với matcha latte truyền thống. Thức uống thường có màu xanh – đỏ bắt mắt, hương matcha thơm nhưng được cân bằng bởi vị trái mọng. Uống vào vừa béo nhẹ, vừa chua nhẹ rất dễ chịu.",34998,Matcha,68e65bab75385a2dc12a500b,available,-1,3.9,2025-11-27 13:54:44,2025-11-27 13:54:44,"['68ed207286da2ddcd588cc9e', '68ed207786da2ddcd588cd13']",['68f449478dc8e5122e48a47c'],[],[]
69285851d32201d7c415f6f1,Matcha Chanh Dây,"Matcha Chanh Dây là món uống kết hợp giữa matcha đậm thơm và chanh dây chua ngọt đặc trưng. Vị matcha hơi đắng nhẹ được cân bằng bởi độ chua thanh, thơm mùi nhiệt đới của chanh dây, tạo cảm giác mát mẻ, sảng khoái. Thường có chút ngọt dịu và hậu vị chanh dây rất dễ uống.",35000,Matcha,68e65bab75385a2dc12a500b,available,-1,4.1,2025-11-27 13:55:29,2025-11-27 13:55:29,['68ed207786da2ddcd588cd13'],['68f449478dc8e5122e48a479'],[],['68ed20115913598c41da0df7']
6928588bd32201d7c415f74f,Trà lài đác thơm,"Trà Lài Đác Thơm là thức uống mát lạnh gồm trà lài thơm nhẹ, vị thanh và không gắt, kết hợp với hạt đác giòn dai và thơm (dứa) ngọt chua tự nhiên. Khi uống cảm giác vừa thanh mát, vừa giòn sật, lại thoang thoảng mùi hoa lài rất dễ chịu. Đây là kiểu trà giải khát cực hợp trời nóng.",35000,Trà Trái Cây,68e65bab75385a2dc12a500b,available,-1,4.9,2025-11-27 13:56:27,2025-11-27 13:56:27,['68ed207686da2ddcd588ccfe'],"['68f449478dc8e5122e48a488', '68f449478dc8e5122e48a476']",[],[]
692858bcd32201d7c415f77c,Trà Nho Ruby,"Trà Nho Ruby là loại trà trái cây có vị trà thanh nhẹ, hòa với nho ruby ngọt đậm và hơi chua nhẹ. Hương nho thơm rõ, tạo cảm giác tươi mát, uống vào có vị ngọt thanh chứ không gắt. Thường có thêm topping nho tươi hoặc thạch để tăng độ giòn và hương trái cây.",34998,Trà Trái Cây,68e65bab75385a2dc12a500b,available,-1,4.8,2025-11-27 13:57:16,2025-11-27 13:57:16,[],['68f449478dc8e5122e48a47c'],[],[]
692858f5d32201d7c415f7a8,Trà dâu ô mai muối,"Trà Dâu Ô Mai Muối là thức uống kết hợp trà thanh nhẹ, dâu tươi chua ngọt, và ô mai muối mặn mặn tạo nên vị chua – ngọt – mặn hài hòa. Hương dâu thơm nổi bật, ô mai muối làm vị đậm hơn và hơi mặn nhẹ ở hậu vị, rất bắt miệng và giải khát. Thường uống lạnh để cảm nhận rõ độ tươi mát.",35000,Trà Trái Cây,68e65bab75385a2dc12a500b,available,-1,3.6,2025-11-27 13:58:13,2025-11-27 13:58:13,"['68ed207686da2ddcd588cd0a', '68ed207886da2ddcd588cd3b']","['68f449478dc8e5122e48a476', '68f449488dc8e5122e48a494']",[],[]
6928592dd32201d7c415f7d5,Trà vải kumquat,"Trà Vải Kumquat là thức uống mát lạnh với trà thanh dịu, kết hợp vải ngọt thơm và kumquat (tắc) chua nhẹ. Vị tổng thể ngọt – chua cân bằng, hương vải rõ rệt, điểm thêm chút thơm the nhẹ của vỏ kumquat. Uống vào sảng khoái, rất hợp trời nóng và dễ gây “ghiền”.",34998,Trà Trái Cây,68e65bab75385a2dc12a500b,available,-1,3.9,2025-11-27 13:59:09,2025-11-27 13:59:09,[],['68f449478dc8e5122e48a479'],[],[]
69285964d32201d7c415f801,Trà Tắc Xí Muội,"Trà Tắc Xí Muội là sự kết hợp giữa trà thanh, tắc chua thơm và xí muội mặn ngọt. Hương vị nổi bật với độ chua mặn đặc trưng, hậu ngọt dịu và rất mát. Uống vào sảng khoái, có chút the nhẹ và đậm đà từ xí muội, cực hợp để giải khát.",35000,Trà Trái Cây,68e65bab75385a2dc12a500b,available,-1,4.6,2025-11-27 14:00:04,2025-11-27 14:00:04,"['68ed207686da2ddcd588cd07', '68ed207886da2ddcd588cd3b']","['68f449478dc8e5122e48a476', '68f449488dc8e5122e48a494']",[],[]
692859afd32201d7c415f82e,Trà sữa nguyên lá Guta,"Trà Sữa Nguyên Lá là trà sữa được pha từ lá trà thật (ủ từ lá khô) thay vì dùng bột hay hương liệu. Nhờ vậy, vị trà đậm, thơm tự nhiên, có hậu chát nhẹ nhưng rất “đã”. Khi kết hợp với sữa, tạo nên vị béo vừa, ngọt dịu, nhưng vẫn giữ rõ hương trà. Uống vào cảm giác thanh hơn và không bị ngấy như trà sữa pha bột.",35000,Trà Sữa,68e65bab75385a2dc12a500b,available,-1,3.7,2025-11-27 14:01:19,2025-11-27 14:01:19,[],"['68f449478dc8e5122e48a479', '68f449498dc8e5122e48a4af']",[],[]
692859d6d32201d7c415f859,Trà sữa Oolong đặc biệt,"Trà Sữa Oolong Đặc Biệt là loại trà sữa được pha từ trà Oolong thượng hạng, hương thơm hoa nhẹ, vị trà thanh, hậu chát dịu. Kết hợp với sữa tạo nên vị béo vừa, ngọt dịu, nhưng vẫn giữ được hương trà đặc trưng. “Đặc biệt” thường ám chỉ có thêm topping hoặc syrup riêng để tăng hương vị độc đáo.",35000,Trà Sữa,68e65bab75385a2dc12a500b,available,-1,4.5,2025-11-27 14:01:58,2025-11-27 14:01:58,[],"['68f449478dc8e5122e48a479', '68f449498dc8e5122e48a4af']",[],[]
692da34ed0b86a2c5743a718,Khoai tây nghiền,"Khoai tây nghiền: Thưởng thức món khoai tây nghiền mềm mịn, béo ngậy tan chảy trên đầu lưỡi, một lựa chọn hoàn hảo để bổ sung cho mọi bữa ăn.",20000,Thức Ăn Nhẹ,691b2a643352e0c4379205df,available,-1,4.3,2025-12-01 14:16:46,2025-12-01 14:16:57,['68ed207486da2ddcd588ccbf'],['68f449498dc8e5122e48a4b2'],[],[]
692ecba41b22883aea965b2f,Burger Tôm,"Burger Tôm độc đáo với nhân tôm tươi ngọt, giòn tan trong từng thớ thịt, quyện cùng nước sốt đặc biệt và rau củ tươi mát. Trải nghiệm hương vị bùng nổ, đánh thức mọi giác quan.",99998,Gà ,691b2a643352e0c4379205df,out_of_stock,-1,3.9,2025-12-02 11:21:08,2025-12-02 11:21:08,['68ed207286da2ddcd588cc92'],[],[],[]
6935025d69371cfde05a52f0,Phô mai viên 1,"Phô mai viên sốt đặc biệt tan chảy, béo ngậy đầy mê hoặc. Lớp vỏ ngoài giòn rụm bao bọc lấy nhân phô mai dẻo thơm, tạo nên trải nghiệm vị giác khó quên.",30000,Bánh mì,68f30cbea2bca94aa9fd19c7,available,-1,4.6,2025-12-07 04:28:13,2025-12-07 04:28:13,['68ed207786da2ddcd588cd16'],['68f449498dc8e5122e48a4b2'],[],[]
693ad78be7409f30724200a6,Oreo kem béo,"Oreo kem béo ngậy, ngọt ngào tan chảy trong miệng, mang đến trải nghiệm vị giác bùng nổ giữa lớp bánh quy giòn rụm và nhân kem sánh mịn. Một sự kết hợp hoàn hảo, khó cưỡng!",20000,Trà Sữa Mix Chuẩn Gu,691bce6ee992502f00390fb8,out_of_stock,-1,3.6,2025-12-11 14:39:07,2025-12-11 14:39:07,['68ed207786da2ddcd588cd1d'],"['68f449498dc8e5122e48a4b2', '68f449478dc8e5122e48a47c', '68f449478dc8e5122e48a479']",[],[]
